use getawayguru;

insert into users (id, email, address, username) values (1, 'rvasyagin0@webmd.com', '31723 Utah Parkway', 'asargant0');
insert into users (id, email, address, username) values (2, 'kgebb1@typepad.com', '19122 Kedzie Point', 'abulcock1');
insert into users (id, email, address, username) values (3, 'qdougary2@wix.com', '17986 Dryden Road', 'amompesson2');
insert into users (id, email, address, username) values (4, 'kcreevy3@godaddy.com', '8 Mifflin Trail', 'kparkeson3');
insert into users (id, email, address, username) values (5, 'rrealy4@51.la', '95 Forest Dale Point', 'wenglishby4');
insert into users (id, email, address, username) values (6, 'aplant5@cloudflare.com', '9749 Mosinee Court', 'ftulip5');
insert into users (id, email, address, username) values (7, 'mpetrenko6@cnn.com', '97 Grover Circle', 'nebbing6');
insert into users (id, email, address, username) values (8, 'ocayette7@nifty.com', '6067 Shasta Park', 'amellanby7');
insert into users (id, email, address, username) values (9, 'lsanz8@infoseek.co.jp', '76 Farragut Alley', 'amaunton8');
insert into users (id, email, address, username) values (10, 'btruckell9@github.com', '4 Milwaukee Street', 'eborley9');
insert into users (id, email, address, username) values (11, 'amurrilla@blogspot.com', '62867 Dottie Road', 'uknappa');
insert into users (id, email, address, username) values (12, 'pthravesb@salon.com', '7749 Elmside Avenue', 'ahorrellb');
insert into users (id, email, address, username) values (13, 'rtreadawayc@ocn.ne.jp', '1274 Paget Crossing', 'pkayserc');
insert into users (id, email, address, username) values (14, 'fgoldad@comsenz.com', '9936 Oxford Point', 'cabercrombyd');
insert into users (id, email, address, username) values (15, 'blinge@purevolume.com', '78 Lunder Plaza', 'zpillingere');
insert into users (id, email, address, username) values (16, 'tmanuellif@hostgator.com', '6926 Lawn Lane', 'vsymcoxef');
insert into users (id, email, address, username) values (17, 'tstoppsg@dagondesign.com', '39748 Birchwood Court', 'wcaprong');
insert into users (id, email, address, username) values (18, 'cgoldsworthyh@hatena.ne.jp', '4220 Warner Park', 'vstrasseh');
insert into users (id, email, address, username) values (19, 'mbelshawi@miitbeian.gov.cn', '738 Sundown Circle', 'rshovlini');
insert into users (id, email, address, username) values (20, 'gfriendj@boston.com', '27 Merrick Center', 'cparamorj');
insert into users (id, email, address, username) values (21, 'uatherk@google.co.jp', '91865 American Ash Center', 'lfelgatek');
insert into users (id, email, address, username) values (22, 'oalfusol@jugem.jp', '05296 2nd Alley', 'cemerinel');
insert into users (id, email, address, username) values (23, 'rlacknerm@answers.com', '85863 Hollow Ridge Parkway', 'mdashkovm');
insert into users (id, email, address, username) values (24, 'ngrimwaden@eepurl.com', '651 Mesta Terrace', 'nserridgen');
insert into users (id, email, address, username) values (25, 'dbelchambero@facebook.com', '73 Milwaukee Center', 'tcalverto');
insert into users (id, email, address, username) values (26, 'etheurerp@latimes.com', '7383 Autumn Leaf Road', 'vdaynterp');
insert into users (id, email, address, username) values (27, 'spheazeyq@cafepress.com', '2139 1st Park', 'caumerleq');
insert into users (id, email, address, username) values (28, 'ibockmanr@fc2.com', '0 Old Gate Point', 'callensonr');
insert into users (id, email, address, username) values (29, 'cdornans@theglobeandmail.com', '9 Express Hill', 'mitzkovicis');
insert into users (id, email, address, username) values (30, 'xfrawleyt@de.vu', '7197 Oakridge Avenue', 'sscogingst');
insert into users (id, email, address, username) values (31, 'ralthorpeu@pcworld.com', '5 Lotheville Point', 'ttiernanu');
insert into users (id, email, address, username) values (32, 'trraundlv@i2i.jp', '2 Londonderry Lane', 'pduesberryv');
insert into users (id, email, address, username) values (33, 'cferrynw@addtoany.com', '3 Esker Drive', 'kpefferw');
insert into users (id, email, address, username) values (34, 'pthorwarthx@wp.com', '6013 Macpherson Court', 'lstuddx');
insert into users (id, email, address, username) values (35, 'tdilksy@reddit.com', '94 Merry Pass', 'cvaudy');
insert into users (id, email, address, username) values (36, 'ghazelbyz@mail.ru', '807 Chive Lane', 'lbonifazioz');
insert into users (id, email, address, username) values (37, 'gleedal10@home.pl', '43184 Warner Way', 'lstebbings10');
insert into users (id, email, address, username) values (38, 'dnormanvill11@wp.com', '3 Bobwhite Pass', 'kbranchet11');
insert into users (id, email, address, username) values (39, 'atubbles12@mozilla.com', '9 Loftsgordon Terrace', 'lverner12');
insert into users (id, email, address, username) values (40, 'bconway13@hibu.com', '87116 Briar Crest Park', 'jrosenstengel13');

use getawayguru;

insert into employee (id, email, first_name, last_name) values (1, 'smccullouch0@cisco.com', 'Saraann', 'McCullouch');
insert into employee (id, email, first_name, last_name) values (2, 'ltearle1@upenn.edu', 'Lizzie', 'Tearle');
insert into employee (id, email, first_name, last_name) values (3, 'dgrestie2@mlb.com', 'Damien', 'Grestie');
insert into employee (id, email, first_name, last_name) values (4, 'lpriddis3@statcounter.com', 'Laure', 'Priddis');
insert into employee (id, email, first_name, last_name) values (5, 'mlebel4@w3.org', 'Millard', 'Lebel');
insert into employee (id, email, first_name, last_name) values (6, 'dolsson5@hhs.gov', 'Des', 'Olsson');
insert into employee (id, email, first_name, last_name) values (7, '@yelp.com', 'Mathilde', 'Kimmins');
insert into employee (id, email, first_name, last_name) values (8, 'tnornable7@hc360.com', 'Theresina', 'Nornable');
insert into employee (id, email, first_name, last_name) values (9, 'jandrysek8@paypal.com', 'Joye', 'Andrysek');
insert into employee (id, email, first_name, last_name) values (10, 'ddjurisic9@merriam-webster.com', 'Dorolice', 'Djurisic');
insert into employee (id, email, first_name, last_name) values (11, 'jmadgina@who.int', 'Jannelle', 'Madgin');
insert into employee (id, email, first_name, last_name) values (12, 'jsweynsonb@imgur.com', 'Jeannine', 'Sweynson');
insert into employee (id, email, first_name, last_name) values (13, 'sharmestonc@youtube.com', 'Shane', 'Harmeston');
insert into employee (id, email, first_name, last_name) values (14, 'imccuisd@hao123.com', 'Irena', 'McCuis');
insert into employee (id, email, first_name, last_name) values (15, 'rholleworthe@princeton.edu', 'Renate', 'Holleworth');
insert into employee (id, email, first_name, last_name) values (16, 'abrattanf@unc.edu', 'Ashien', 'Brattan');
insert into employee (id, email, first_name, last_name) values (17, 'zhardistryg@mysql.com', 'Zaccaria', 'Hardistry');
insert into employee (id, email, first_name, last_name) values (18, 'smcbeanh@sphinn.com', 'Shaine', 'McBean');
insert into employee (id, email, first_name, last_name) values (19, 'icraythorni@aboutads.info', 'Issy', 'Craythorn');
insert into employee (id, email, first_name, last_name) values (20, 'jsherringhamj@yellowpages.com', 'Johnna', 'Sherringham');
insert into employee (id, email, first_name, last_name) values (21, 'bheymesk@craigslist.org', 'Binny', 'Heymes');
insert into employee (id, email, first_name, last_name) values (22, 'pstarsmorel@va.gov', 'Pavla', 'Starsmore');
insert into employee (id, email, first_name, last_name) values (23, 'ppaddellm@free.fr', 'Paige', 'Paddell');
insert into employee (id, email, first_name, last_name) values (24, 'ecucinottan@elegantthemes.com', 'Eugene', 'Cucinotta');
insert into employee (id, email, first_name, last_name) values (25, 'wbenno@earthlink.net', 'Willie', 'Benn');
insert into employee (id, email, first_name, last_name) values (26, 'lcobbep@mlb.com', 'Leia', 'Cobbe');
insert into employee (id, email, first_name, last_name) values (27, 'dgoodgerq@rediff.com', 'Deb', 'Goodger');
insert into employee (id, email, first_name, last_name) values (28, 'ktanguyr@businessweek.com', 'Konstance', 'Tanguy');
insert into employee (id, email, first_name, last_name) values (29, 'gtamass@smugmug.com', 'Glenn', 'Tamas');
insert into employee (id, email, first_name, last_name) values (30, 'astacet@woothemes.com', 'Aurlie', 'Stace');
insert into employee (id, email, first_name, last_name) values (31, 'farchardu@europa.eu', 'Franzen', 'Archard');
insert into employee (id, email, first_name, last_name) values (32, 'spudneyv@forbes.com', 'Stearn', 'Pudney');
insert into employee (id, email, first_name, last_name) values (33, 'mmclainew@patch.com', 'Marjy', 'McLaine');
insert into employee (id, email, first_name, last_name) values (34, 'bhelksx@issuu.com', 'Burke', 'Helks');
insert into employee (id, email, first_name, last_name) values (35, 'dmcduffiey@newyorker.com', 'Domenic', 'McDuffie');
insert into employee (id, email, first_name, last_name) values (36, 'krowledgez@hubpages.com', 'Kellen', 'Rowledge');
insert into employee (id, email, first_name, last_name) values (37, 'bjankin10@gmpg.org', 'Bride', 'Jankin');
insert into employee (id, email, first_name, last_name) values (38, 'jgiovanazzi11@home.pl', 'Jordon', 'Giovanazzi');
insert into employee (id, email, first_name, last_name) values (39, 'ahowerd12@privacy.gov.au', 'Arni', 'Howerd');
insert into employee (id, email, first_name, last_name) values (40, 'ihulcoop13@comsenz.com', 'Isadore', 'Hulcoop');


use getawayguru;

insert into city (id, country, rating, name) values (1, 'Jamaica', 0, 'Albert Town');
insert into city (id, country, rating, name) values (2, 'Croatia', 4, 'Andrijaševci');
insert into city (id, country, rating, name) values (3, 'China', 9, 'Dongli');
insert into city (id, country, rating, name) values (4, 'Poland', 10, 'Wilkowice');
insert into city (id, country, rating, name) values (5, 'Zambia', 9, 'Choma');
insert into city (id, country, rating, name) values (6, 'Bangladesh', 9, 'Mehendiganj');
insert into city (id, country, rating, name) values (7, 'Macedonia', 1, 'Kavadarci');
insert into city (id, country, rating, name) values (8, 'Philippines', 1, 'Banayoyo');
insert into city (id, country, rating, name) values (9, 'Portugal', 1, 'Peso da Régua');
insert into city (id, country, rating, name) values (10, 'Sweden', 6, 'Skellefteå');
insert into city (id, country, rating, name) values (11, 'Russia', 5, 'Nevinnomyssk');
insert into city (id, country, rating, name) values (12, 'China', 9, 'Xiawa');
insert into city (id, country, rating, name) values (13, 'Norway', 5, 'Arendal');
insert into city (id, country, rating, name) values (14, 'Greece', 10, 'Pigí');
insert into city (id, country, rating, name) values (15, 'France', 5, 'Lens');
insert into city (id, country, rating, name) values (16, 'Armenia', 7, 'Areni');
insert into city (id, country, rating, name) values (17, 'Philippines', 10, 'San Vicente');
insert into city (id, country, rating, name) values (18, 'Indonesia', 5, 'Romba');
insert into city (id, country, rating, name) values (19, 'Bulgaria', 4, 'Strazhitsa');
insert into city (id, country, rating, name) values (20, 'Ukraine', 8, 'Novopskov');
insert into city (id, country, rating, name) values (21, 'Philippines', 6, 'Tandag');
insert into city (id, country, rating, name) values (22, 'Senegal', 5, 'Kaffrine');
insert into city (id, country, rating, name) values (23, 'Russia', 7, 'Zaymishche');
insert into city (id, country, rating, name) values (24, 'Peru', 8, 'Ocoruro');
insert into city (id, country, rating, name) values (25, 'Afghanistan', 9, 'Khafizan');
insert into city (id, country, rating, name) values (26, 'Greece', 7, 'Mégara');
insert into city (id, country, rating, name) values (27, 'China', 1, 'Gangshangji');
insert into city (id, country, rating, name) values (28, 'China', 6, 'Jiaxian Chengguanzhen');
insert into city (id, country, rating, name) values (29, 'Argentina', 9, 'Libertador General San Martín');
insert into city (id, country, rating, name) values (30, 'Mexico', 0, 'Lazaro Cardenas');
insert into city (id, country, rating, name) values (31, 'China', 1, 'Zhangshi');
insert into city (id, country, rating, name) values (32, 'Indonesia', 6, 'Weepangali');
insert into city (id, country, rating, name) values (33, 'Portugal', 9, 'Fontaínhas');
insert into city (id, country, rating, name) values (34, 'Poland', 3, 'Wapno');
insert into city (id, country, rating, name) values (35, 'China', 4, 'Guanyinsi');
insert into city (id, country, rating, name) values (36, 'France', 3, 'Paris 08');
insert into city (id, country, rating, name) values (37, 'China', 3, 'Yonghe');
insert into city (id, country, rating, name) values (38, 'Argentina', 9, 'Sampacho');
insert into city (id, country, rating, name) values (39, 'Morocco', 0, 'Taouloukoult');
insert into city (id, country, rating, name) values (40, 'China', 5, 'Shanhou');


use getawayguru;

insert into marketing_campaign (id, name, employee_id) values (1, 'Spring Cleaning Special', '5');
insert into marketing_campaign (id, name, employee_id) values (2, 'Gaming Galore Bonanza', '16');
insert into marketing_campaign (id, name, employee_id) values (3, 'Black Friday Bonanza', '33');
insert into marketing_campaign (id, name, employee_id) values (4, 'Outdoor Adventure Extravaganza', '29');
insert into marketing_campaign (id, name, employee_id) values (5, 'Outdoor Adventure Extravaganza', '3');
insert into marketing_campaign (id, name, employee_id) values (6, 'New Year New You', '34');
insert into marketing_campaign (id, name, employee_id) values (7, 'Labor Day Savings Event', '20');
insert into marketing_campaign (id, name, employee_id) values (8, 'Wellness Wednesday Specials', '10');
insert into marketing_campaign (id, name, employee_id) values (9, 'Cyber Monday Madness', '38');
insert into marketing_campaign (id, name, employee_id) values (10, 'Independence Day Celebration', '25');
insert into marketing_campaign (id, name, employee_id) values (11, 'Outdoor Adventure Extravaganza', '23');
insert into marketing_campaign (id, name, employee_id) values (12, 'Valentine''s Day Love Fest', '39');
insert into marketing_campaign (id, name, employee_id) values (13, 'Fitness Frenzy Challenge', '27');
insert into marketing_campaign (id, name, employee_id) values (14, 'Graduation Gift Guide', '24');
insert into marketing_campaign (id, name, employee_id) values (15, 'Wellness Wednesday Specials', '28');
insert into marketing_campaign (id, name, employee_id) values (16, 'Customer Appreciation Week', '11');
insert into marketing_campaign (id, name, employee_id) values (17, 'Valentine''s Day Love Fest', '35');
insert into marketing_campaign (id, name, employee_id) values (18, 'Fitness Frenzy Challenge', '13');
insert into marketing_campaign (id, name, employee_id) values (19, 'Memorial Day Blowout', '19');
insert into marketing_campaign (id, name, employee_id) values (20, 'Back to School Promo', '1');
insert into marketing_campaign (id, name, employee_id) values (21, 'Cinco de Mayo Fiesta', '4');
insert into marketing_campaign (id, name, employee_id) values (22, 'Cinco de Mayo Fiesta', '8');
insert into marketing_campaign (id, name, employee_id) values (23, 'Foodie Friday Feast', '18');
insert into marketing_campaign (id, name, employee_id) values (24, 'Outdoor Adventure Extravaganza', '22');
insert into marketing_campaign (id, name, employee_id) values (25, 'Mother''s Day Pampering', '14');
insert into marketing_campaign (id, name, employee_id) values (26, 'Thanksgiving Feast Deals', '7');
insert into marketing_campaign (id, name, employee_id) values (27, 'Wellness Wednesday Specials', '26');
insert into marketing_campaign (id, name, employee_id) values (28, 'Customer Appreciation Week', '40');
insert into marketing_campaign (id, name, employee_id) values (29, 'Beauty and the Beast Deals', '15');
insert into marketing_campaign (id, name, employee_id) values (30, 'Wellness Wednesday Specials', '30');
insert into marketing_campaign (id, name, employee_id) values (31, 'Graduation Gift Guide', '2');
insert into marketing_campaign (id, name, employee_id) values (32, 'Halloween Spooktacular', '32');
insert into marketing_campaign (id, name, employee_id) values (33, 'Bookworm Bonanza', '37');
insert into marketing_campaign (id, name, employee_id) values (34, 'Tech Tuesday Deals', '31');
insert into marketing_campaign (id, name, employee_id) values (35, 'Cyber Monday Madness', '9');
insert into marketing_campaign (id, name, employee_id) values (36, 'Wedding Season Deals', '17');
insert into marketing_campaign (id, name, employee_id) values (37, 'Fitness Frenzy Challenge', '36');
insert into marketing_campaign (id, name, employee_id) values (38, 'Summer Sale 2021', '6');
insert into marketing_campaign (id, name, employee_id) values (39, 'Cinco de Mayo Fiesta', '12');
insert into marketing_campaign (id, name, employee_id) values (40, 'Foodie Friday Feast', '21');


use getawayguru;

insert into trip (id, start_date, end_date, group_size, name, hotel_budget, flight_budget, user_id, city_id, attraction_budget, restaurant_budget, budget, num_of_nights) values (1, '2025-10-27 04:02:34', '2025-12-26 16:45:22', 17, 'Persevering', 683.78, 120.48, '5', '28', 2279.41, 1662.79, 4746.46, 8);
insert into trip (id, start_date, end_date, group_size, name, hotel_budget, flight_budget, user_id, city_id, attraction_budget, restaurant_budget, budget, num_of_nights) values (2, '2025-06-21 12:42:31', '2025-08-02 09:23:35', 12, 'neutral', 1235.63, 616.45, '2', '3', 2454.48, 535.57, 4842.13, 8);
insert into trip (id, start_date, end_date, group_size, name, hotel_budget, flight_budget, user_id, city_id, attraction_budget, restaurant_budget, budget, num_of_nights) values (3, '2026-05-17 13:01:23', '2025-08-20 18:15:23', 2, 'Monitored', 981.95, 2265.99, '39', '7', 1893.48, 1035.87, 6177.29, 17);
insert into trip (id, start_date, end_date, group_size, name, hotel_budget, flight_budget, user_id, city_id, attraction_budget, restaurant_budget, budget, num_of_nights) values (4, '2025-01-20 09:47:19', '2025-10-05 16:11:37', 8, 'model', 53.06, 1112.5, '24', '20', 2362.51, 2264.25, 5792.32, 16);
insert into trip (id, start_date, end_date, group_size, name, hotel_budget, flight_budget, user_id, city_id, attraction_budget, restaurant_budget, budget, num_of_nights) values (5, '2025-10-27 22:59:10', '2025-08-01 14:27:49', 13, 'Polarised', 851.84, 903.62, '17', '11', 1444.44, 954.84, 4154.74, 5);
insert into trip (id, start_date, end_date, group_size, name, hotel_budget, flight_budget, user_id, city_id, attraction_budget, restaurant_budget, budget, num_of_nights) values (6, '2025-07-19 01:23:16', '2025-10-27 04:06:31', 16, 'next generation', 603.71, 1285.98, '33', '5', 171.3, 514.06, 2575.05, 10);
insert into trip (id, start_date, end_date, group_size, name, hotel_budget, flight_budget, user_id, city_id, attraction_budget, restaurant_budget, budget, num_of_nights) values (7, '2026-03-07 21:03:58', '2025-10-20 00:35:04', 15, 'exuding', 1526.8, 1196.32, '29', '35', 1911.16, 1435.2, 6069.48, 16);
insert into trip (id, start_date, end_date, group_size, name, hotel_budget, flight_budget, user_id, city_id, attraction_budget, restaurant_budget, budget, num_of_nights) values (8, '2026-01-31 03:45:58', '2025-10-09 14:53:05', 15, 'paradigm', 1801.11, 149.17, '6', '30', 1233.32, 2314.87, 5498.47, 20);
insert into trip (id, start_date, end_date, group_size, name, hotel_budget, flight_budget, user_id, city_id, attraction_budget, restaurant_budget, budget, num_of_nights) values (9, '2025-12-19 17:28:06', '2025-12-12 01:24:11', 4, 'solution-oriented', 213.53, 1903.92, '27', '2', 1373.88, 1202.01, 4693.34, 19);
insert into trip (id, start_date, end_date, group_size, name, hotel_budget, flight_budget, user_id, city_id, attraction_budget, restaurant_budget, budget, num_of_nights) values (10, '2026-06-05 18:25:18', '2025-09-30 01:00:28', 15, 'monitoring', 590.82, 119.54, '35', '15', 2008.22, 1925.15, 4643.73, 15);
insert into trip (id, start_date, end_date, group_size, name, hotel_budget, flight_budget, user_id, city_id, attraction_budget, restaurant_budget, budget, num_of_nights) values (11, '2026-04-23 00:17:09', '2025-09-13 21:51:58', 1, 'static', 2372.62, 79.16, '20', '37', 1226.99, 798.42, 4477.19, 11);
insert into trip (id, start_date, end_date, group_size, name, hotel_budget, flight_budget, user_id, city_id, attraction_budget, restaurant_budget, budget, num_of_nights) values (12, '2026-06-09 16:41:57', '2025-12-15 07:40:27', 11, 'mission-critical', 896.09, 1170.26, '19', '16', 1162.49, 1670.96, 4899.8, 2);
insert into trip (id, start_date, end_date, group_size, name, hotel_budget, flight_budget, user_id, city_id, attraction_budget, restaurant_budget, budget, num_of_nights) values (13, '2026-01-30 02:27:46', '2025-10-29 12:55:44', 10, 'algorithm', 2051.65, 1750.29, '9', '21', 2389.58, 891.76, 7083.28, 1);
insert into trip (id, start_date, end_date, group_size, name, hotel_budget, flight_budget, user_id, city_id, attraction_budget, restaurant_budget, budget, num_of_nights) values (14, '2025-10-16 21:39:00', '2025-11-11 22:06:47', 13, 'architecture', 1638.59, 531.14, '14', '40', 1612.12, 551.16, 4333.01, 2);
insert into trip (id, start_date, end_date, group_size, name, hotel_budget, flight_budget, user_id, city_id, attraction_budget, restaurant_budget, budget, num_of_nights) values (15, '2026-02-15 18:50:20', '2025-09-01 12:54:48', 16, 'forecast', 1528.53, 1211.41, '26', '8', 2199.62, 2013.26, 6952.82, 8);
insert into trip (id, start_date, end_date, group_size, name, hotel_budget, flight_budget, user_id, city_id, attraction_budget, restaurant_budget, budget, num_of_nights) values (16, '2026-07-26 01:20:47', '2025-10-27 00:31:58', 14, 'Down-sized', 1464.08, 253.13, '25', '26', 920.63, 1292.82, 3930.66, 19);
insert into trip (id, start_date, end_date, group_size, name, hotel_budget, flight_budget, user_id, city_id, attraction_budget, restaurant_budget, budget, num_of_nights) values (17, '2026-03-17 11:44:27', '2025-11-20 01:24:38', 4, 'hybrid', 1733.57, 1401.23, '32', '1', 2402.16, 482.15, 6019.11, 13);
insert into trip (id, start_date, end_date, group_size, name, hotel_budget, flight_budget, user_id, city_id, attraction_budget, restaurant_budget, budget, num_of_nights) values (18, '2026-02-05 03:15:20', '2025-08-31 02:58:14', 5, 'real-time', 556.57, 1972.03, '22', '9', 1222.87, 1473.71, 5225.18, 4);
insert into trip (id, start_date, end_date, group_size, name, hotel_budget, flight_budget, user_id, city_id, attraction_budget, restaurant_budget, budget, num_of_nights) values (19, '2026-04-13 21:14:37', '2025-08-26 06:44:58', 3, 'knowledge base', 1691.89, 277.59, '15', '4', 67.42, 2217.7, 4254.6, 9);
insert into trip (id, start_date, end_date, group_size, name, hotel_budget, flight_budget, user_id, city_id, attraction_budget, restaurant_budget, budget, num_of_nights) values (20, '2025-04-14 23:44:45', '2025-11-08 12:49:29', 5, 'clear-thinking', 742.45, 1556.11, '3', '6', 1609.41, 2247.27, 6155.24, 16);
insert into trip (id, start_date, end_date, group_size, name, hotel_budget, flight_budget, user_id, city_id, attraction_budget, restaurant_budget, budget, num_of_nights) values (21, '2025-05-30 04:03:18', '2025-10-07 17:32:15', 17, 'middleware', 1056.26, 1675.32, '7', '36', 1754.33, 246.17, 4732.08, 20);
insert into trip (id, start_date, end_date, group_size, name, hotel_budget, flight_budget, user_id, city_id, attraction_budget, restaurant_budget, budget, num_of_nights) values (22, '2025-03-27 10:50:30', '2025-11-12 19:05:57', 13, 'collaboration', 265.39, 1258.25, '18', '24', 1237.22, 2381.93, 5142.79, 2);
insert into trip (id, start_date, end_date, group_size, name, hotel_budget, flight_budget, user_id, city_id, attraction_budget, restaurant_budget, budget, num_of_nights) values (23, '2025-10-02 20:26:36', '2025-10-06 10:54:05', 13, 'directional', 1159.51, 1305.29, '36', '33', 1112.42, 772.35, 4349.57, 2);
insert into trip (id, start_date, end_date, group_size, name, hotel_budget, flight_budget, user_id, city_id, attraction_budget, restaurant_budget, budget, num_of_nights) values (24, '2025-02-27 13:02:41', '2025-10-22 17:59:10', 12, 'Digitized', 687.14, 1189.88, '21', '22', 2321.84, 1552.86, 5751.72, 18);
insert into trip (id, start_date, end_date, group_size, name, hotel_budget, flight_budget, user_id, city_id, attraction_budget, restaurant_budget, budget, num_of_nights) values (25, '2025-04-06 08:08:49', '2025-10-01 16:32:58', 5, 'asymmetric', 572.32, 323.73, '11', '18', 2172.22, 1716.98, 4785.25, 5);
insert into trip (id, start_date, end_date, group_size, name, hotel_budget, flight_budget, user_id, city_id, attraction_budget, restaurant_budget, budget, num_of_nights) values (26, '2025-05-09 12:34:40', '2025-08-20 07:44:47', 6, 'upward-trending', 659.77, 77.39, '37', '19', 1266.57, 1742.88, 3746.61, 20);
insert into trip (id, start_date, end_date, group_size, name, hotel_budget, flight_budget, user_id, city_id, attraction_budget, restaurant_budget, budget, num_of_nights) values (27, '2025-06-27 01:29:57', '2025-09-04 18:15:09', 4, 'hierarchy', 306.2, 108.67, '4', '29', 2388.56, 6.43, 2809.86, 2);
insert into trip (id, start_date, end_date, group_size, name, hotel_budget, flight_budget, user_id, city_id, attraction_budget, restaurant_budget, budget, num_of_nights) values (28, '2025-11-09 22:46:53', '2025-11-03 23:10:59', 18, 'Sharable', 1477.58, 1229.37, '12', '38', 1113.41, 1878.91, 5699.27, 7);
insert into trip (id, start_date, end_date, group_size, name, hotel_budget, flight_budget, user_id, city_id, attraction_budget, restaurant_budget, budget, num_of_nights) values (29, '2025-06-17 19:49:12', '2025-09-20 14:51:30', 18, 'regional', 1296.07, 1947.34, '31', '14', 1383.5, 2489.78, 7116.69, 5);
insert into trip (id, start_date, end_date, group_size, name, hotel_budget, flight_budget, user_id, city_id, attraction_budget, restaurant_budget, budget, num_of_nights) values (30, '2025-07-28 04:18:12', '2025-08-19 12:58:29', 12, 'Realigned', 415.2, 2137.21, '23', '31', 443.21, 332.25, 3327.87, 15);
insert into trip (id, start_date, end_date, group_size, name, hotel_budget, flight_budget, user_id, city_id, attraction_budget, restaurant_budget, budget, num_of_nights) values (31, '2026-04-07 07:53:49', '2025-12-19 08:08:06', 17, 'Assimilated', 921.19, 1438.82, '16', '39', 2133.73, 1236.15, 5729.89, 18);
insert into trip (id, start_date, end_date, group_size, name, hotel_budget, flight_budget, user_id, city_id, attraction_budget, restaurant_budget, budget, num_of_nights) values (32, '2025-12-28 04:55:38', '2025-10-01 04:02:40', 18, 'Digitized', 2162.35, 1129.36, '38', '13', 536.25, 542.83, 4370.79, 6);
insert into trip (id, start_date, end_date, group_size, name, hotel_budget, flight_budget, user_id, city_id, attraction_budget, restaurant_budget, budget, num_of_nights) values (33, '2025-02-02 20:15:36', '2025-08-24 04:11:31', 5, 'database', 444.04, 1842.28, '8', '17', 145.0, 979.18, 3410.5, 1);
insert into trip (id, start_date, end_date, group_size, name, hotel_budget, flight_budget, user_id, city_id, attraction_budget, restaurant_budget, budget, num_of_nights) values (34, '2026-03-22 00:30:49', '2025-11-10 17:01:07', 13, 'Monitored', 1772.99, 2298.73, '28', '12', 1578.05, 310.61, 5960.38, 3);
insert into trip (id, start_date, end_date, group_size, name, hotel_budget, flight_budget, user_id, city_id, attraction_budget, restaurant_budget, budget, num_of_nights) values (35, '2026-01-20 09:30:52', '2025-08-01 21:32:22', 1, 'Public-key', 433.27, 271.79, '40', '25', 2044.95, 1754.97, 4504.98, 11);
insert into trip (id, start_date, end_date, group_size, name, hotel_budget, flight_budget, user_id, city_id, attraction_budget, restaurant_budget, budget, num_of_nights) values (36, '2026-05-08 23:06:09', '2025-12-13 05:43:04', 3, 'contextually-based', 1379.44, 227.21, '10', '23', 2361.94, 408.39, 4376.98, 1);
insert into trip (id, start_date, end_date, group_size, name, hotel_budget, flight_budget, user_id, city_id, attraction_budget, restaurant_budget, budget, num_of_nights) values (37, '2025-08-23 20:18:57', '2025-09-03 02:28:30', 4, 'info-mediaries', 1174.88, 758.09, '1', '10', 168.0, 675.31, 2776.28, 20);
insert into trip (id, start_date, end_date, group_size, name, hotel_budget, flight_budget, user_id, city_id, attraction_budget, restaurant_budget, budget, num_of_nights) values (38, '2026-05-22 09:27:36', '2025-11-15 11:07:45', 18, 'Adaptive', 760.06, 1825.35, '34', '27', 1608.01, 396.97, 4590.39, 19);
insert into trip (id, start_date, end_date, group_size, name, hotel_budget, flight_budget, user_id, city_id, attraction_budget, restaurant_budget, budget, num_of_nights) values (39, '2025-10-01 06:49:33', '2025-09-12 05:53:10', 10, 'Advanced', 90.88, 1692.9, '30', '32', 472.41, 551.46, 2807.65, 1);
insert into trip (id, start_date, end_date, group_size, name, hotel_budget, flight_budget, user_id, city_id, attraction_budget, restaurant_budget, budget, num_of_nights) values (40, '2026-06-05 07:13:02', '2025-08-14 07:50:43', 7, 'instruction set', 469.96, 140.85, '13', '34', 1411.67, 1221.63, 3244.11, 1);


use getawayguru;

insert into hotel (id, room_type, amenities, price_per_night, email, name, rating, city_id) values (1, 'Single Room', 'Swimming Pool and Virtual Reality Gaming Area', 362.67, 'ldocwra0@nih.gov', 'Whispering Willow Inn', 4, '1');
insert into hotel (id, room_type, amenities, price_per_night, email, name, rating, city_id) values (2, 'Twin Room', '24-hour Front Desk Service and Customized Aromatherapy', 295.77, 'bgossan1@sitemeter.com', 'Harbor View Hotel', 2, '21');
insert into hotel (id, room_type, amenities, price_per_night, email, name, rating, city_id) values (3, 'Single Room', 'Complimentary Breakfast and Pet Concierge Services', 304.23, 'hrichford2@google.fr', 'Tranquil Oasis Hotel', 1, '40');
insert into hotel (id, room_type, amenities, price_per_night, email, name, rating, city_id) values (4, 'Twin Room', 'Fitness Center and In-room Massage Chair', 79.19, 'emalek3@earthlink.net', 'Sunrise Pointe Hotel', 4, '30');
insert into hotel (id, room_type, amenities, price_per_night, email, name, rating, city_id) values (5, 'Deluxe Room', '24-hour Front Desk Service and Customized Aromatherapy', 322.48, 'vbecom4@jiathis.com', 'Silver Lake Hotel', 4, '5');
insert into hotel (id, room_type, amenities, price_per_night, email, name, rating, city_id) values (6, 'Double Room', 'Fitness Center and In-room Massage Chair', 283.52, 'cranby5@clickbank.net', 'Emerald Valley Inn', 1, '38');
insert into hotel (id, room_type, amenities, price_per_night, email, name, rating, city_id) values (7, 'Double Room', 'Fitness Center and In-room Massage Chair', 93.73, 'mjiroutek6@goo.ne.jp', 'Lakeside Haven Resort', 5, '32');
insert into hotel (id, room_type, amenities, price_per_night, email, name, rating, city_id) values (8, 'Twin Room', 'Free Wi-Fi and Personalized Pillow Menu', 20.16, 'ddoumerc7@amazon.de', 'Azure Skies Resort', 3, '33');
insert into hotel (id, room_type, amenities, price_per_night, email, name, rating, city_id) values (9, 'Presidential Suite', 'Complimentary Breakfast and Pet Concierge Services', 80.28, 'nsimkin8@mlb.com', 'Emerald Valley Inn', 5, '36');
insert into hotel (id, room_type, amenities, price_per_night, email, name, rating, city_id) values (10, 'Deluxe Room', 'Free Wi-Fi and Personalized Pillow Menu', 141.9, 'hrobson9@springer.com', 'Azure Skies Resort', 2, '15');
insert into hotel (id, room_type, amenities, price_per_night, email, name, rating, city_id) values (11, 'Twin Room', 'Free Wi-Fi and Personalized Pillow Menu', 120.26, 'obullona@quantcast.com', 'Sapphire Springs Resort', 3, '19');
insert into hotel (id, room_type, amenities, price_per_night, email, name, rating, city_id) values (12, 'Single Room', 'Free Wi-Fi and Personalized Pillow Menu', 132.42, 'sgorgenb@yellowpages.com', 'Sunset Paradise Hotel', 1, '28');
insert into hotel (id, room_type, amenities, price_per_night, email, name, rating, city_id) values (13, 'Suite', 'Fitness Center and In-room Massage Chair', 407.26, 'lpriestmanc@usa.gov', 'Pinecrest Retreat', 5, '2');
insert into hotel (id, room_type, amenities, price_per_night, email, name, rating, city_id) values (14, 'Double Room', 'Fitness Center and In-room Massage Chair', 114.66, 'ddevonportd@irs.gov', 'Azure Skies Resort', 1, '13');
insert into hotel (id, room_type, amenities, price_per_night, email, name, rating, city_id) values (15, 'Presidential Suite', 'Swimming Pool and Virtual Reality Gaming Area', 399.9, 'hkortinge@vistaprint.com', 'Crystal Waters Resort', 3, '34');
insert into hotel (id, room_type, amenities, price_per_night, email, name, rating, city_id) values (16, 'Deluxe Room', 'Fitness Center and In-room Massage Chair', 465.17, 'tizardf@xinhuanet.com', 'Mountain View Lodge', 3, '39');
insert into hotel (id, room_type, amenities, price_per_night, email, name, rating, city_id) values (17, 'Deluxe Room', '24-hour Front Desk Service and Customized Aromatherapy', 139.71, 'cgiggieg@networkadvertising.org', 'Whispering Willow Inn', 4, '37');
insert into hotel (id, room_type, amenities, price_per_night, email, name, rating, city_id) values (18, 'Presidential Suite', 'Free Wi-Fi and Personalized Pillow Menu', 430.59, 'emcmillanh@mtv.com', 'Mountain View Lodge', 4, '35');
insert into hotel (id, room_type, amenities, price_per_night, email, name, rating, city_id) values (19, 'Suite', 'Complimentary Breakfast and Pet Concierge Services', 447.21, 'csugarmani@wsj.com', 'Lakeside Haven Resort', 1, '10');
insert into hotel (id, room_type, amenities, price_per_night, email, name, rating, city_id) values (20, 'Double Room', 'Fitness Center and In-room Massage Chair', 27.75, 'fottawellj@biblegateway.com', 'Sapphire Springs Resort', 5, '3');
insert into hotel (id, room_type, amenities, price_per_night, email, name, rating, city_id) values (21, 'Double Room', 'Complimentary Breakfast and Pet Concierge Services', 409.01, 'kscarfk@walmart.com', 'Golden Gate Hotel', 4, '4');
insert into hotel (id, room_type, amenities, price_per_night, email, name, rating, city_id) values (22, 'Junior Suite', 'Swimming Pool and Virtual Reality Gaming Area', 230.87, 'sshimwelll@istockphoto.com', 'Wildflower Meadows Lodge', 5, '31');
insert into hotel (id, room_type, amenities, price_per_night, email, name, rating, city_id) values (23, 'Suite', 'Swimming Pool and Virtual Reality Gaming Area', 129.95, 'lolesm@google.es', 'Sunset Paradise Hotel', 1, '6');
insert into hotel (id, room_type, amenities, price_per_night, email, name, rating, city_id) values (24, 'Suite', '24-hour Front Desk Service and Customized Aromatherapy', 257.56, 'crobillardn@hugedomains.com', 'Harbor Lights Hotel', 4, '8');
insert into hotel (id, room_type, amenities, price_per_night, email, name, rating, city_id) values (25, 'Junior Suite', 'Fitness Center and In-room Massage Chair', 419.46, 'gtremmelo@gnu.org', 'Wildflower Meadows Lodge', 5, '23');
insert into hotel (id, room_type, amenities, price_per_night, email, name, rating, city_id) values (26, 'Double Room', 'Free Wi-Fi and Personalized Pillow Menu', 196.76, 'dschmidtp@microsoft.com', 'Whispering Willow Inn', 3, '14');
insert into hotel (id, room_type, amenities, price_per_night, email, name, rating, city_id) values (27, 'Twin Room', 'Swimming Pool and Virtual Reality Gaming Area', 189.57, 'kstenbridgeq@wix.com', 'Whispering Willow Inn', 2, '27');
insert into hotel (id, room_type, amenities, price_per_night, email, name, rating, city_id) values (28, 'Deluxe Room', 'Free Wi-Fi and Personalized Pillow Menu', 267.61, 'oadamsenr@cloudflare.com', 'Golden Gate Hotel', 1, '29');
insert into hotel (id, room_type, amenities, price_per_night, email, name, rating, city_id) values (29, 'Double Room', 'Swimming Pool and Virtual Reality Gaming Area', 151.72, 'sbiltons@purevolume.com', 'Tropical Paradise Hotel', 5, '9');
insert into hotel (id, room_type, amenities, price_per_night, email, name, rating, city_id) values (30, 'Twin Room', 'Fitness Center and In-room Massage Chair', 352.39, 'ytokleyt@ox.ac.uk', 'Seaside Serenity Inn', 5, '26');
insert into hotel (id, room_type, amenities, price_per_night, email, name, rating, city_id) values (31, 'Double Room', 'Complimentary Breakfast and Pet Concierge Services', 23.66, 'pbehanu@deliciousdays.com', 'Starlight Haven Hotel', 3, '18');
insert into hotel (id, room_type, amenities, price_per_night, email, name, rating, city_id) values (32, 'Twin Room', 'Free Wi-Fi and Personalized Pillow Menu', 21.49, 'mkidgellv@phoca.cz', 'Whispering Pines Lodge', 3, '20');
insert into hotel (id, room_type, amenities, price_per_night, email, name, rating, city_id) values (33, 'Junior Suite', 'Fitness Center and In-room Massage Chair', 116.7, 'idenholmw@msu.edu', 'Majestic Peaks Resort', 2, '12');
insert into hotel (id, room_type, amenities, price_per_night, email, name, rating, city_id) values (34, 'Deluxe Room', 'Fitness Center and In-room Massage Chair', 29.79, 'jwoodfordx@adobe.com', 'Royal Oak Inn', 3, '17');
insert into hotel (id, room_type, amenities, price_per_night, email, name, rating, city_id) values (35, 'Twin Room', 'Fitness Center and In-room Massage Chair', 221.55, 'ktownbyy@loc.gov', 'Palm Tree Retreat', 2, '7');
insert into hotel (id, room_type, amenities, price_per_night, email, name, rating, city_id) values (36, 'Suite', '24-hour Front Desk Service and Customized Aromatherapy', 139.76, 'mgreschikz@archive.org', 'Wildflower Meadows Lodge', 4, '24');
insert into hotel (id, room_type, amenities, price_per_night, email, name, rating, city_id) values (37, 'Presidential Suite', 'Free Wi-Fi and Personalized Pillow Menu', 241.81, 'ptayloe10@google.pl', 'Royal Oak Inn', 3, '16');
insert into hotel (id, room_type, amenities, price_per_night, email, name, rating, city_id) values (38, 'Suite', 'Complimentary Breakfast and Pet Concierge Services', 448.0, 'mkilkenny11@dropbox.com', 'Ocean Breeze Inn', 1, '25');
insert into hotel (id, room_type, amenities, price_per_night, email, name, rating, city_id) values (39, 'Presidential Suite', 'Free Wi-Fi and Personalized Pillow Menu', 456.56, 'amcpake12@sciencedirect.com', 'Golden Sands Resort', 3, '11');
insert into hotel (id, room_type, amenities, price_per_night, email, name, rating, city_id) values (40, 'Double Room', '24-hour Front Desk Service and Customized Aromatherapy', 39.02, 'aphare13@reverbnation.com', 'Lakeside Haven Resort', 2, '22');

use getawayguru;

insert into attraction (id, price, address, rating, city_id, name) values (1, 138.24, '15 Sachtjen Drive', 1, '38', 'Space Station');
insert into attraction (id, price, address, rating, city_id, name) values (2, 127.67, '9 Jay Junction', 2, '15', 'Enchanted Garden');
insert into attraction (id, price, address, rating, city_id, name) values (3, 6.94, '1 Fuller Lane', 6, '29', 'Space Station');
insert into attraction (id, price, address, rating, city_id, name) values (4, 174.74, '492 Redwing Drive', 9, '18', 'Pirate''s Paradise');
insert into attraction (id, price, address, rating, city_id, name) values (5, 18.96, '7 Northland Trail', 7, '31', 'Mystic Marvels');
insert into attraction (id, price, address, rating, city_id, name) values (6, 39.67, '9 Vahlen Street', 3, '11', 'Adventure Island');
insert into attraction (id, price, address, rating, city_id, name) values (7, 119.89, '5265 Buell Drive', 10, '7', 'Jungle Safari');
insert into attraction (id, price, address, rating, city_id, name) values (8, 180.25, '6411 Katie Avenue', 4, '21', 'Enchanted Forest');
insert into attraction (id, price, address, rating, city_id, name) values (9, 96.65, '43768 Thierer Drive', 10, '14', 'Galactic Adventure');
insert into attraction (id, price, address, rating, city_id, name) values (10, 86.1, '4 Duke Way', 4, '24', 'Dreamy Delights');
insert into attraction (id, price, address, rating, city_id, name) values (11, 98.11, '3 Kinsman Junction', 10, '39', 'Mystical Mountain');
insert into attraction (id, price, address, rating, city_id, name) values (12, 140.08, '404 2nd Court', 7, '34', 'Galactic Quest');
insert into attraction (id, price, address, rating, city_id, name) values (13, 54.21, '44 Moulton Parkway', 8, '36', 'Jungle Journey');
insert into attraction (id, price, address, rating, city_id, name) values (14, 58.24, '6 Utah Road', 9, '19', 'Mystic Maze');
insert into attraction (id, price, address, rating, city_id, name) values (15, 83.26, '48 Union Drive', 5, '27', 'Pirate''s Paradise');
insert into attraction (id, price, address, rating, city_id, name) values (16, 182.26, '34 Tennessee Drive', 6, '6', 'Mystic Maze');
insert into attraction (id, price, address, rating, city_id, name) values (17, 172.42, '29 Sommers Avenue', 10, '35', 'Fantasy Fables');
insert into attraction (id, price, address, rating, city_id, name) values (18, 57.72, '897 Starling Plaza', 8, '23', 'Enchanted Escapade');
insert into attraction (id, price, address, rating, city_id, name) values (19, 20.22, '37531 Golf Course Alley', 4, '37', 'Tropical Treasures');
insert into attraction (id, price, address, rating, city_id, name) values (20, 176.59, '23 Eastlawn Pass', 8, '8', 'Dreamland Delight');
insert into attraction (id, price, address, rating, city_id, name) values (21, 100.58, '3759 Colorado Pass', 1, '33', 'Galactic Adventure');
insert into attraction (id, price, address, rating, city_id, name) values (22, 57.56, '09 Helena Parkway', 3, '12', 'Adventure Island');
insert into attraction (id, price, address, rating, city_id, name) values (23, 97.48, '5435 Ilene Pass', 2, '40', 'Enchanted Garden');
insert into attraction (id, price, address, rating, city_id, name) values (24, 168.42, '19 Kim Point', 1, '28', 'Enchanted Garden');
insert into attraction (id, price, address, rating, city_id, name) values (25, 195.94, '59 Golf Trail', 4, '16', 'Wonderland Wonders');
insert into attraction (id, price, address, rating, city_id, name) values (26, 182.83, '9 Dunning Junction', 6, '10', 'Pirate''s Cove');
insert into attraction (id, price, address, rating, city_id, name) values (27, 194.48, '147 Carey Drive', 9, '2', 'Jungle Journey');
insert into attraction (id, price, address, rating, city_id, name) values (28, 68.33, '9454 Summit Terrace', 6, '5', 'Pirate''s Peril');
insert into attraction (id, price, address, rating, city_id, name) values (29, 104.69, '1 Clarendon Road', 5, '22', 'Dreamy Delights');
insert into attraction (id, price, address, rating, city_id, name) values (30, 92.36, '3810 Moose Trail', 4, '9', 'Mystic Maze');
insert into attraction (id, price, address, rating, city_id, name) values (31, 169.49, '643 Northfield Alley', 5, '20', 'Mystical Mountain');
insert into attraction (id, price, address, rating, city_id, name) values (32, 170.14, '752 Golf Lane', 2, '30', 'Enchanted Garden');
insert into attraction (id, price, address, rating, city_id, name) values (33, 56.84, '52887 Dorton Court', 2, '17', 'Dreamy Delights');
insert into attraction (id, price, address, rating, city_id, name) values (34, 82.17, '845 Graedel Court', 10, '32', 'Pirate''s Cove');
insert into attraction (id, price, address, rating, city_id, name) values (35, 34.8, '82 Fairfield Plaza', 1, '1', 'Galactic Adventure');
insert into attraction (id, price, address, rating, city_id, name) values (36, 148.96, '6 Superior Junction', 10, '13', 'Mystical Meadows');
insert into attraction (id, price, address, rating, city_id, name) values (37, 109.82, '047 Village Center', 4, '4', 'Wonderland Waters');
insert into attraction (id, price, address, rating, city_id, name) values (38, 3.35, '74 Monica Alley', 2, '3', 'Whimsical Waters');
insert into attraction (id, price, address, rating, city_id, name) values (39, 1.92, '868 Sullivan Avenue', 10, '25', 'Dreamland Delight');
insert into attraction (id, price, address, rating, city_id, name) values (40, 90.09, '6 Memorial Park', 6, '26', 'Space Odyssey');


use getawayguru;

insert into restaurant (id, average_price, address, rating, cuisine_type, city_id, name) values (1, 32.75, '5 Myrtle Junction', 1, 'Indian', '38', 'The Cheesy Chimney');
insert into restaurant (id, average_price, address, rating, cuisine_type, city_id, name) values (2, 137.95, '16940 South Crossing', 4, 'Indian', '24', 'The Toasty Tavern');
insert into restaurant (id, average_price, address, rating, cuisine_type, city_id, name) values (3, 13.62, '75064 Gale Junction', 2, 'Italian', '26', 'The Daily Dish');
insert into restaurant (id, average_price, address, rating, cuisine_type, city_id, name) values (4, 44.47, '0801 Lakewood Gardens Point', 2, 'Italian', '1', 'Sizzling Sushi');
insert into restaurant (id, average_price, address, rating, cuisine_type, city_id, name) values (5, 100.83, '308 Redwing Way', 1, 'French', '21', 'The Toasty Tavern');
insert into restaurant (id, average_price, address, rating, cuisine_type, city_id, name) values (6, 124.33, '10 Crescent Oaks Point', 3, 'Mexican', '13', 'Flaming Grillhouse');
insert into restaurant (id, average_price, address, rating, cuisine_type, city_id, name) values (7, 72.01, '63864 Bunting Trail', 4, 'Mediterranean', '31', 'The Flavor Factory');
insert into restaurant (id, average_price, address, rating, cuisine_type, city_id, name) values (8, 15.08, '16 Talisman Street', 5, 'Indian', '11', 'The Savory Shack');
insert into restaurant (id, average_price, address, rating, cuisine_type, city_id, name) values (9, 99.73, '0606 Melby Pass', 3, 'Korean', '20', 'Burger Barn');
insert into restaurant (id, average_price, address, rating, cuisine_type, city_id, name) values (10, 183.5, '505 Granby Terrace', 3, 'Mexican', '17', 'Noodle Nation');
insert into restaurant (id, average_price, address, rating, cuisine_type, city_id, name) values (11, 95.45, '1506 Center Park', 4, 'Italian', '16', 'The Spice Route');
insert into restaurant (id, average_price, address, rating, cuisine_type, city_id, name) values (12, 150.11, '0 Cordelia Terrace', 5, 'Thai', '5', 'Mango Madness Cafe');
insert into restaurant (id, average_price, address, rating, cuisine_type, city_id, name) values (13, 3.43, '9 Surrey Avenue', 5, 'Mexican', '19', 'Crispy Crust Pizzeria');
insert into restaurant (id, average_price, address, rating, cuisine_type, city_id, name) values (14, 86.62, '27841 Surrey Street', 2, 'Greek', '39', 'The Waffle House');
insert into restaurant (id, average_price, address, rating, cuisine_type, city_id, name) values (15, 1.98, '5 Valley Edge Parkway', 5, 'Brazilian', '23', 'The Crispy Crepe');
insert into restaurant (id, average_price, address, rating, cuisine_type, city_id, name) values (16, 47.76, '58 Reindahl Parkway', 3, 'Japanese', '27', 'Crispy Crust Pizzeria');
insert into restaurant (id, average_price, address, rating, cuisine_type, city_id, name) values (17, 124.95, '293 Kingsford Terrace', 3, 'Thai', '6', 'The Wholesome Plate');
insert into restaurant (id, average_price, address, rating, cuisine_type, city_id, name) values (18, 198.53, '836 Memorial Circle', 5, 'Japanese', '10', 'Burger Barn');
insert into restaurant (id, average_price, address, rating, cuisine_type, city_id, name) values (19, 195.81, '17 Steensland Crossing', 3, 'Italian', '33', 'The Crispy Crepe');
insert into restaurant (id, average_price, address, rating, cuisine_type, city_id, name) values (20, 193.56, '85 Lindbergh Avenue', 2, 'Mexican', '35', 'The Urban Eatery');
insert into restaurant (id, average_price, address, rating, cuisine_type, city_id, name) values (21, 170.24, '65390 Dennis Lane', 2, 'Mexican', '40', 'The Wholesome Plate');
insert into restaurant (id, average_price, address, rating, cuisine_type, city_id, name) values (22, 38.34, '5318 Carberry Place', 4, 'Greek', '34', 'The Tasty Tandoor');
insert into restaurant (id, average_price, address, rating, cuisine_type, city_id, name) values (23, 18.19, '35113 Magdeline Trail', 5, 'Thai', '12', 'Spice Island Grill');
insert into restaurant (id, average_price, address, rating, cuisine_type, city_id, name) values (24, 149.57, '84245 Schmedeman Point', 4, 'Japanese', '30', 'The Savory Slice');
insert into restaurant (id, average_price, address, rating, cuisine_type, city_id, name) values (25, 165.96, '9052 Westerfield Alley', 2, 'French', '7', 'The Daily Dish');
insert into restaurant (id, average_price, address, rating, cuisine_type, city_id, name) values (26, 19.4, '743 Kim Court', 3, 'Thai', '22', 'Spice Island Grill');
insert into restaurant (id, average_price, address, rating, cuisine_type, city_id, name) values (27, 121.83, '7 Glacier Hill Park', 3, 'Mediterranean', '3', 'Pasta Paradise');
insert into restaurant (id, average_price, address, rating, cuisine_type, city_id, name) values (28, 164.72, '05213 Hovde Alley', 2, 'Korean', '36', 'The Green Garden');
insert into restaurant (id, average_price, address, rating, cuisine_type, city_id, name) values (29, 109.27, '13 Browning Avenue', 1, 'French', '37', 'The Tasty Tandoor');
insert into restaurant (id, average_price, address, rating, cuisine_type, city_id, name) values (30, 16.05, '78 Mcguire Lane', 5, 'Korean', '29', 'The Green Garden');
insert into restaurant (id, average_price, address, rating, cuisine_type, city_id, name) values (31, 10.39, '24471 Randy Parkway', 3, 'Indian', '28', 'The Veggie Patch');
insert into restaurant (id, average_price, address, rating, cuisine_type, city_id, name) values (32, 83.96, '7 Mccormick Circle', 2, 'Japanese', '14', 'The Hungry Owl');
insert into restaurant (id, average_price, address, rating, cuisine_type, city_id, name) values (33, 181.77, '9284 Myrtle Circle', 1, 'Japanese', '25', 'Burger Barn');
insert into restaurant (id, average_price, address, rating, cuisine_type, city_id, name) values (34, 91.56, '9 Scoville Park', 5, 'Japanese', '32', 'Cocoa Cafe');
insert into restaurant (id, average_price, address, rating, cuisine_type, city_id, name) values (35, 170.36, '30170 Shoshone Center', 1, 'Mexican', '8', 'The Sweet Spot');
insert into restaurant (id, average_price, address, rating, cuisine_type, city_id, name) values (36, 109.5, '8398 Anzinger Way', 5, 'Korean', '2', 'Sizzling Sushi');
insert into restaurant (id, average_price, address, rating, cuisine_type, city_id, name) values (37, 194.3, '14045 Golden Leaf Place', 1, 'Mediterranean', '18', 'The Zesty Zucchini');
insert into restaurant (id, average_price, address, rating, cuisine_type, city_id, name) values (38, 119.27, '84449 Brown Avenue', 4, 'Mediterranean', '9', 'Crispy Crust Pizzeria');
insert into restaurant (id, average_price, address, rating, cuisine_type, city_id, name) values (39, 29.83, '73 Prentice Avenue', 1, 'Greek', '4', 'The Toasty Tavern');
insert into restaurant (id, average_price, address, rating, cuisine_type, city_id, name) values (40, 150.14, '11635 Monterey Park', 1, 'Indian', '15', 'The Flavor Factory');


use getawayguru;

insert into flights (flight_id, airline_name, departure, arrival, duration, price, origin_city, city_id) values (1, 'BlueSky Aviation', '2025-09-20 09:59:23', '2025-09-20 12:59:23', 3, 617.73, 'Takaishi', '28');
insert into flights (flight_id, airline_name, departure, arrival, duration, price, origin_city, city_id) values (2, 'Sunset Air', '2025-05-22 22:46:39', '2025-05-22 23:46:39', 1, 1931.74, 'Köln', '7');
insert into flights (flight_id, airline_name, departure, arrival, duration, price, origin_city, city_id) values (3, 'Cloud9 Air', '2025-09-19 06:57:56', '2025-09-19 17:57:56', 11, 2434.04, 'Slavyanovo', '6');
insert into flights (flight_id, airline_name, departure, arrival, duration, price, origin_city, city_id) values (4, 'Skyline Airlines', '2025-05-28 20:16:59', '2025-05-28 22:16:59', 2, 846.22, 'Xingcheng', '25');
insert into flights (flight_id, airline_name, departure, arrival, duration, price, origin_city, city_id) values (5, 'AeroStream', '2025-06-10 17:21:28', '2025-06-10 19:21:28', 2, 1933.41, 'Chợ Lầu', '32');
insert into flights (flight_id, airline_name, departure, arrival, duration, price, origin_city, city_id) values (6, 'Starlight Airways', '2025-06-25 11:25:08', '2025-06-25 14:25:08', 3, 691.11, 'Horokhiv', '15');
insert into flights (flight_id, airline_name, departure, arrival, duration, price, origin_city, city_id) values (7, 'BlueSky Aviation', '2025-01-06 03:35:14', '2025-01-06 11:35:14', 8, 1197.09, 'Patong', '19');
insert into flights (flight_id, airline_name, departure, arrival, duration, price, origin_city, city_id) values (8, 'AirWave Express', '2025-05-30 23:01:17', '2025-05-31 01:01:17', 2, 54.81, 'Gómez', '31');
insert into flights (flight_id, airline_name, departure, arrival, duration, price, origin_city, city_id) values (9, 'AirWave Express', '2025-01-25 19:20:48', '2025-01-26 05:20:48', 10, 1494.39, 'São Bartolomeu', '27');
insert into flights (flight_id, airline_name, departure, arrival, duration, price, origin_city, city_id) values (10, 'SilverWing Airlines', '2025-06-25 23:33:39', '2025-06-26 08:33:39', 9, 1639.35, 'Qanliko’l', '24');
insert into flights (flight_id, airline_name, departure, arrival, duration, price, origin_city, city_id) values (11, 'DreamJet', '2025-09-18 14:11:05', '2025-09-19 00:11:05', 10, 2114.15, 'Lom Sak', '33');
insert into flights (flight_id, airline_name, departure, arrival, duration, price, origin_city, city_id) values (12, 'Sunset Air', '2025-04-01 02:42:58', '2025-04-01 06:42:58', 4, 291.13, 'Lysice', '30');
insert into flights (flight_id, airline_name, departure, arrival, duration, price, origin_city, city_id) values (13, 'BlueSky Aviation', '2025-07-20 17:46:30', '2025-07-20 19:46:30', 2, 1148.6, 'Chōfugaoka', '22');
insert into flights (flight_id, airline_name, departure, arrival, duration, price, origin_city, city_id) values (14, 'BlueSky Aviation', '2025-01-07 07:27:03', '2025-01-07 14:27:03', 7, 2430.82, 'Xinzhuang', '12');
insert into flights (flight_id, airline_name, departure, arrival, duration, price, origin_city, city_id) values (15, 'SilverWing Airlines', '2025-07-30 22:38:51', '2025-07-31 02:38:51', 4, 992.87, 'Woodstock', '21');
insert into flights (flight_id, airline_name, departure, arrival, duration, price, origin_city, city_id) values (16, 'FlyHigh Airlines', '2025-07-26 05:15:56', '2025-07-26 15:15:56', 10, 939.86, 'Swan Hills', '3');
insert into flights (flight_id, airline_name, departure, arrival, duration, price, origin_city, city_id) values (17, 'Starlight Airways', '2025-05-09 05:39:20', '2025-05-09 10:39:20', 5, 2026.7, 'Qala i Naw', '37');
insert into flights (flight_id, airline_name, departure, arrival, duration, price, origin_city, city_id) values (18, 'SilverWing Airlines', '2025-09-28 03:16:09', '2025-09-28 09:16:09', 6, 918.9, 'North Saanich', '18');
insert into flights (flight_id, airline_name, departure, arrival, duration, price, origin_city, city_id) values (19, 'BlueSky Aviation', '2025-08-20 20:49:33', '2025-08-21 00:49:33', 4, 1683.85, 'Coruripe', '4');
insert into flights (flight_id, airline_name, departure, arrival, duration, price, origin_city, city_id) values (20, 'Skyline Airlines', '2025-07-26 01:41:30', '2025-07-26 12:41:30', 11, 1250.15, 'Purral', '40');
insert into flights (flight_id, airline_name, departure, arrival, duration, price, origin_city, city_id) values (21, 'Cloud9 Air', '2025-01-29 14:05:37', '2025-01-29 20:05:37', 6, 2087.57, 'Staritsa', '26');
insert into flights (flight_id, airline_name, departure, arrival, duration, price, origin_city, city_id) values (22, 'AirWave Express', '2025-10-27 01:02:09', '2025-10-27 07:02:09', 6, 2282.49, 'Campraksanta', '9');
insert into flights (flight_id, airline_name, departure, arrival, duration, price, origin_city, city_id) values (23, 'FlyHigh Airlines', '2025-11-28 18:03:44', '2025-11-29 04:03:44', 10, 131.78, 'Okayama-shi', '36');
insert into flights (flight_id, airline_name, departure, arrival, duration, price, origin_city, city_id) values (24, 'FlyHigh Airlines', '2025-03-22 07:52:11', '2025-03-22 08:52:11', 1, 969.8, 'Makabe', '20');
insert into flights (flight_id, airline_name, departure, arrival, duration, price, origin_city, city_id) values (25, 'Cloud9 Air', '2025-06-08 10:40:56', '2025-06-08 17:40:56', 7, 1399.9, 'Zhutang', '34');
insert into flights (flight_id, airline_name, departure, arrival, duration, price, origin_city, city_id) values (26, 'Cloud9 Air', '2025-03-20 04:43:34', '2025-03-20 06:43:34', 2, 1536.44, 'Calidñgan', '14');
insert into flights (flight_id, airline_name, departure, arrival, duration, price, origin_city, city_id) values (27, 'AeroStream', '2025-10-01 21:46:41', '2025-10-02 04:46:41', 7, 223.49, 'Yabēlo', '1');
insert into flights (flight_id, airline_name, departure, arrival, duration, price, origin_city, city_id) values (28, 'DreamJet', '2025-11-13 11:49:05', '2025-11-13 21:49:05', 10, 366.35, 'Kainan', '23');
insert into flights (flight_id, airline_name, departure, arrival, duration, price, origin_city, city_id) values (29, 'BlueSky Aviation', '2025-05-02 19:30:34', '2025-05-03 00:30:34', 5, 2087.4, 'Mboursou Léré', '39');
insert into flights (flight_id, airline_name, departure, arrival, duration, price, origin_city, city_id) values (30, 'BlueSky Aviation', '2025-06-11 02:04:06', '2025-06-11 03:04:06', 1, 723.4, 'Västra Frölunda', '13');
insert into flights (flight_id, airline_name, departure, arrival, duration, price, origin_city, city_id) values (31, 'FlyHigh Airlines', '2025-12-19 22:42:49', '2025-12-20 08:42:49', 10, 685.46, 'Alta Gracia', '35');
insert into flights (flight_id, airline_name, departure, arrival, duration, price, origin_city, city_id) values (32, 'Cloud9 Air', '2025-05-29 07:25:39', '2025-05-29 11:25:39', 4, 1191.59, 'Wanglian', '5');
insert into flights (flight_id, airline_name, departure, arrival, duration, price, origin_city, city_id) values (33, 'DreamJet', '2025-05-02 13:50:25', '2025-05-02 15:50:25', 2, 1357.64, 'Dushk', '11');
insert into flights (flight_id, airline_name, departure, arrival, duration, price, origin_city, city_id) values (34, 'AeroStream', '2025-10-16 04:39:51', '2025-10-16 13:39:51', 9, 45.89, 'Nkwerre', '17');
insert into flights (flight_id, airline_name, departure, arrival, duration, price, origin_city, city_id) values (35, 'FlyHigh Airlines', '2025-07-10 03:44:24', '2025-07-10 06:44:24', 3, 383.97, 'Tanggan', '10');
insert into flights (flight_id, airline_name, departure, arrival, duration, price, origin_city, city_id) values (36, 'FlyHigh Airlines', '2025-09-23 16:50:10', '2025-09-24 04:50:10', 12, 2027.44, 'Karítsa', '2');
insert into flights (flight_id, airline_name, departure, arrival, duration, price, origin_city, city_id) values (37, 'SilverWing Airlines', '2025-12-02 02:41:35', '2025-12-02 05:41:35', 3, 51.44, 'Sanbaishan', '16');
insert into flights (flight_id, airline_name, departure, arrival, duration, price, origin_city, city_id) values (38, 'SilverWing Airlines', '2025-10-05 21:22:44', '2025-10-05 23:22:44', 2, 1009.54, 'Malaḩ', '29');
insert into flights (flight_id, airline_name, departure, arrival, duration, price, origin_city, city_id) values (39, 'SilverWing Airlines', '2025-11-06 03:48:21', '2025-11-06 14:48:21', 11, 2246.65, 'Sancti Spíritus', '38');
insert into flights (flight_id, airline_name, departure, arrival, duration, price, origin_city, city_id) values (40, 'AeroStream', '2025-09-22 16:20:56', '2025-09-22 21:20:56', 5, 515.9, 'Carolina', '8');


use getawayguru;

insert into promotions (code, name, discount_amount, terms_and_conditions, marketing_campaign_id) values (1, 'Holiday Bonanza', 614.19, 'By participating in this promotion', '27');
insert into promotions (code, name, discount_amount, terms_and_conditions, marketing_campaign_id) values (2, 'Summer Spectacular', 333.25, 'Promotion valid for a limited time only. Terms and conditions apply.', '26');
insert into promotions (code, name, discount_amount, terms_and_conditions, marketing_campaign_id) values (3, 'Buy One Get One Free', 371.7, 'you agree to the terms and conditions outlined.', '13');
insert into promotions (code, name, discount_amount, terms_and_conditions, marketing_campaign_id) values (4, 'Mega Markdown Event', 630.37, 'By participating in this promotion', '21');
insert into promotions (code, name, discount_amount, terms_and_conditions, marketing_campaign_id) values (5, 'Cyber Monday Madness', 377.24, 'Promotion valid for a limited time only. Terms and conditions apply.', '11');
insert into promotions (code, name, discount_amount, terms_and_conditions, marketing_campaign_id) values (6, 'Summer Spectacular', 463.83, 'By participating in this promotion', '35');
insert into promotions (code, name, discount_amount, terms_and_conditions, marketing_campaign_id) values (7, 'Midnight Madness', 598.51, 'By participating in this promotion', '31');
insert into promotions (code, name, discount_amount, terms_and_conditions, marketing_campaign_id) values (8, 'Summer Solstice Sale', 501.0, 'Offer subject to change without notice. See full terms and conditions for details.', '24');
insert into promotions (code, name, discount_amount, terms_and_conditions, marketing_campaign_id) values (9, 'Spring Cleaning Sale', 302.55, 'Offer subject to change without notice. See full terms and conditions for details.', '23');
insert into promotions (code, name, discount_amount, terms_and_conditions, marketing_campaign_id) values (10, 'Clearance Event', 811.47, 'By participating in this promotion', '12');
insert into promotions (code, name, discount_amount, terms_and_conditions, marketing_campaign_id) values (11, 'Extra Savings Extravaganza', 774.29, 'By participating in this promotion', '33');
insert into promotions (code, name, discount_amount, terms_and_conditions, marketing_campaign_id) values (12, 'Holiday Bonanza', 680.3, 'Promotion valid for a limited time only. Terms and conditions apply.', '37');
insert into promotions (code, name, discount_amount, terms_and_conditions, marketing_campaign_id) values (13, 'Fall Harvest Sale', 872.3, 'Promotion valid for a limited time only. Terms and conditions apply.', '38');
insert into promotions (code, name, discount_amount, terms_and_conditions, marketing_campaign_id) values (14, 'Winter Wonderland', 154.24, 'Promotion valid for a limited time only. Terms and conditions apply.', '28');
insert into promotions (code, name, discount_amount, terms_and_conditions, marketing_campaign_id) values (15, 'Grand Opening Sale', 167.39, 'you agree to the terms and conditions outlined.', '2');
insert into promotions (code, name, discount_amount, terms_and_conditions, marketing_campaign_id) values (16, 'Independence Day Sale', 656.72, 'you agree to the terms and conditions outlined.', '29');
insert into promotions (code, name, discount_amount, terms_and_conditions, marketing_campaign_id) values (17, 'Veterans Day Discounts', 452.99, 'By participating in this promotion', '19');
insert into promotions (code, name, discount_amount, terms_and_conditions, marketing_campaign_id) values (18, 'Easter Eggstravaganza', 514.98, 'By participating in this promotion', '7');
insert into promotions (code, name, discount_amount, terms_and_conditions, marketing_campaign_id) values (19, 'Flash Deal', 87.65, 'Offer subject to change without notice. See full terms and conditions for details.', '34');
insert into promotions (code, name, discount_amount, terms_and_conditions, marketing_campaign_id) values (20, 'Labor Day Blowout', 958.38, 'Promotion valid for a limited time only. Terms and conditions apply.', '1');
insert into promotions (code, name, discount_amount, terms_and_conditions, marketing_campaign_id) values (21, 'Labor Day Blowout', 209.71, 'you agree to the terms and conditions outlined.', '32');
insert into promotions (code, name, discount_amount, terms_and_conditions, marketing_campaign_id) values (22, 'Back to School Special', 372.2, 'By participating in this promotion', '9');
insert into promotions (code, name, discount_amount, terms_and_conditions, marketing_campaign_id) values (23, 'Sizzling Summer Savings', 832.22, 'By participating in this promotion', '3');
insert into promotions (code, name, discount_amount, terms_and_conditions, marketing_campaign_id) values (24, 'Super Sale', 961.48, 'you agree to the terms and conditions outlined.', '16');
insert into promotions (code, name, discount_amount, terms_and_conditions, marketing_campaign_id) values (25, 'Summer Spectacular', 819.6, 'you agree to the terms and conditions outlined.', '22');
insert into promotions (code, name, discount_amount, terms_and_conditions, marketing_campaign_id) values (26, 'Midnight Madness', 69.6, 'Promotion valid for a limited time only. Terms and conditions apply.', '10');
insert into promotions (code, name, discount_amount, terms_and_conditions, marketing_campaign_id) values (27, 'Extra Savings Extravaganza', 127.76, 'By participating in this promotion', '18');
insert into promotions (code, name, discount_amount, terms_and_conditions, marketing_campaign_id) values (28, 'Anniversary Celebration', 557.28, 'Promotion valid for a limited time only. Terms and conditions apply.', '15');
insert into promotions (code, name, discount_amount, terms_and_conditions, marketing_campaign_id) values (29, 'VIP Exclusive Sale', 324.17, 'Offer subject to change without notice. See full terms and conditions for details.', '17');
insert into promotions (code, name, discount_amount, terms_and_conditions, marketing_campaign_id) values (30, 'Cyber Monday Madness', 930.47, 'Promotion valid for a limited time only. Terms and conditions apply.', '14');
insert into promotions (code, name, discount_amount, terms_and_conditions, marketing_campaign_id) values (31, 'Independence Day Sale', 728.93, 'Promotion valid for a limited time only. Terms and conditions apply.', '39');
insert into promotions (code, name, discount_amount, terms_and_conditions, marketing_campaign_id) values (32, 'New Year New Deals', 676.46, 'By participating in this promotion', '5');
insert into promotions (code, name, discount_amount, terms_and_conditions, marketing_campaign_id) values (33, 'Anniversary Celebration', 56.77, 'By participating in this promotion', '6');
insert into promotions (code, name, discount_amount, terms_and_conditions, marketing_campaign_id) values (34, 'New Year New Deals', 920.71, 'Promotion valid for a limited time only. Terms and conditions apply.', '40');
insert into promotions (code, name, discount_amount, terms_and_conditions, marketing_campaign_id) values (35, 'Spring Cleaning Sale', 913.71, 'Offer subject to change without notice. See full terms and conditions for details.', '30');
insert into promotions (code, name, discount_amount, terms_and_conditions, marketing_campaign_id) values (36, 'Biggest Sale of the Year', 907.32, 'Offer subject to change without notice. See full terms and conditions for details.', '4');
insert into promotions (code, name, discount_amount, terms_and_conditions, marketing_campaign_id) values (37, 'Buy One Get One Free', 796.05, 'Promotion valid for a limited time only. Terms and conditions apply.', '36');
insert into promotions (code, name, discount_amount, terms_and_conditions, marketing_campaign_id) values (38, 'Spring Cleaning Sale', 637.02, 'By participating in this promotion', '20');
insert into promotions (code, name, discount_amount, terms_and_conditions, marketing_campaign_id) values (39, 'Winter Wonderland', 519.1, 'Offer subject to change without notice. See full terms and conditions for details.', '25');
insert into promotions (code, name, discount_amount, terms_and_conditions, marketing_campaign_id) values (40, 'Grand Opening Sale', 113.92, 'Offer subject to change without notice. See full terms and conditions for details.', '8');


use getawayguru;

insert into ads (id, description, type, budget, terms_and_conditions, marketing_campaign_id) values (1, 'Artistic loft in a creative community', 'interstitial', 144.37, 'By participating in this promotion', '4');
insert into ads (id, description, type, budget, terms_and_conditions, marketing_campaign_id) values (2, 'Sunny beach house steps away from the sand', 'email', 250.9, 'By participating in this promotion', '34');
insert into ads (id, description, type, budget, terms_and_conditions, marketing_campaign_id) values (3, 'Family-friendly home with a backyard oasis', 'video', 766.34, 'Offer subject to change without notice. See full terms and conditions for details.', '23');
insert into ads (id, description, type, budget, terms_and_conditions, marketing_campaign_id) values (4, 'Retro-inspired apartment with a funky vibe', 'sponsored content', 719.04, 'By participating in this promotion', '8');
insert into ads (id, description, type, budget, terms_and_conditions, marketing_campaign_id) values (5, 'Luxe penthouse with a private rooftop pool', 'social media', 2211.44, 'Offer subject to change without notice. See full terms and conditions for details.', '14');
insert into ads (id, description, type, budget, terms_and_conditions, marketing_campaign_id) values (6, 'Family-friendly home with a backyard oasis', 'overlay', 1153.74, 'Offer subject to change without notice. See full terms and conditions for details.', '7');
insert into ads (id, description, type, budget, terms_and_conditions, marketing_campaign_id) values (7, 'Historic lighthouse keeper''s cottage with sea views', 'pop-up', 812.38, 'Offer subject to change without notice. See full terms and conditions for details.', '26');
insert into ads (id, description, type, budget, terms_and_conditions, marketing_campaign_id) values (8, 'Funky warehouse conversion with industrial vibes', 'social media', 447.22, 'Promotion valid for a limited time only. Terms and conditions apply.', '13');
insert into ads (id, description, type, budget, terms_and_conditions, marketing_campaign_id) values (9, 'Tranquil lakeside cabin for fishing and boating', 'banner', 887.97, 'you agree to the terms and conditions outlined.', '33');
insert into ads (id, description, type, budget, terms_and_conditions, marketing_campaign_id) values (10, 'Colonial-style villa with tropical gardens', 'email', 845.04, 'Promotion valid for a limited time only. Terms and conditions apply.', '30');
insert into ads (id, description, type, budget, terms_and_conditions, marketing_campaign_id) values (11, 'Luxurious beachfront villa with stunning ocean views', 'social media', 1189.3, 'By participating in this promotion', '1');
insert into ads (id, description, type, budget, terms_and_conditions, marketing_campaign_id) values (12, 'Colonial-style villa with tropical gardens', 'pop-up', 1845.07, 'Offer subject to change without notice. See full terms and conditions for details.', '2');
insert into ads (id, description, type, budget, terms_and_conditions, marketing_campaign_id) values (13, 'Eclectic artist''s retreat with a colorful decor', 'search engine', 371.27, 'Offer subject to change without notice. See full terms and conditions for details.', '31');
insert into ads (id, description, type, budget, terms_and_conditions, marketing_campaign_id) values (14, 'Modern apartment in a vibrant neighborhood', 'sponsored content', 2283.14, 'Offer subject to change without notice. See full terms and conditions for details.', '5');
insert into ads (id, description, type, budget, terms_and_conditions, marketing_campaign_id) values (15, 'Minimalist design studio in a bustling city', 'search engine', 1819.69, 'Offer subject to change without notice. See full terms and conditions for details.', '37');
insert into ads (id, description, type, budget, terms_and_conditions, marketing_campaign_id) values (16, 'Artistic loft in a creative community', 'video', 991.12, 'you agree to the terms and conditions outlined.', '40');
insert into ads (id, description, type, budget, terms_and_conditions, marketing_campaign_id) values (17, 'Mountain chalet with ski-in/ski-out access', 'native', 1108.64, 'By participating in this promotion', '16');
insert into ads (id, description, type, budget, terms_and_conditions, marketing_campaign_id) values (18, 'Chic tiny house with modern amenities', 'native', 1398.32, 'you agree to the terms and conditions outlined.', '18');
insert into ads (id, description, type, budget, terms_and_conditions, marketing_campaign_id) values (19, 'Artistic loft in a creative community', 'video', 1767.83, 'By participating in this promotion', '29');
insert into ads (id, description, type, budget, terms_and_conditions, marketing_campaign_id) values (20, 'Secluded retreat in the forest', 'video', 1327.02, 'Offer subject to change without notice. See full terms and conditions for details.', '9');
insert into ads (id, description, type, budget, terms_and_conditions, marketing_campaign_id) values (21, 'Tranquil lakeside cabin for fishing and boating', 'sponsored content', 380.31, 'Promotion valid for a limited time only. Terms and conditions apply.', '36');
insert into ads (id, description, type, budget, terms_and_conditions, marketing_campaign_id) values (22, 'Spacious downtown loft with city skyline views', 'sponsored content', 1221.13, 'you agree to the terms and conditions outlined.', '35');
insert into ads (id, description, type, budget, terms_and_conditions, marketing_campaign_id) values (23, 'Spacious downtown loft with city skyline views', 'pop-up', 157.31, 'Offer subject to change without notice. See full terms and conditions for details.', '10');
insert into ads (id, description, type, budget, terms_and_conditions, marketing_campaign_id) values (24, 'Quirky geodesic dome for a unique stay', 'email', 2242.44, 'Promotion valid for a limited time only. Terms and conditions apply.', '28');
insert into ads (id, description, type, budget, terms_and_conditions, marketing_campaign_id) values (25, 'Chic tiny house with modern amenities', 'pop-up', 2177.12, 'you agree to the terms and conditions outlined.', '27');
insert into ads (id, description, type, budget, terms_and_conditions, marketing_campaign_id) values (26, 'Family-friendly home with a backyard oasis', 'social media', 872.78, 'Promotion valid for a limited time only. Terms and conditions apply.', '24');
insert into ads (id, description, type, budget, terms_and_conditions, marketing_campaign_id) values (27, 'Hipster-friendly apartment in a cool neighborhood', 'native', 1757.57, 'By participating in this promotion', '32');
insert into ads (id, description, type, budget, terms_and_conditions, marketing_campaign_id) values (28, 'Rustic farmhouse surrounded by nature', 'native', 1120.92, 'you agree to the terms and conditions outlined.', '12');
insert into ads (id, description, type, budget, terms_and_conditions, marketing_campaign_id) values (29, 'Quirky geodesic dome for a unique stay', 'interstitial', 1865.08, 'Offer subject to change without notice. See full terms and conditions for details.', '20');
insert into ads (id, description, type, budget, terms_and_conditions, marketing_campaign_id) values (30, 'Spacious downtown loft with city skyline views', 'interstitial', 2239.92, 'you agree to the terms and conditions outlined.', '3');
insert into ads (id, description, type, budget, terms_and_conditions, marketing_campaign_id) values (31, 'Modern apartment in a vibrant neighborhood', 'social media', 1912.36, 'you agree to the terms and conditions outlined.', '19');
insert into ads (id, description, type, budget, terms_and_conditions, marketing_campaign_id) values (32, 'Vintage airstream trailer for a unique stay', 'search engine', 1488.57, 'Offer subject to change without notice. See full terms and conditions for details.', '25');
insert into ads (id, description, type, budget, terms_and_conditions, marketing_campaign_id) values (33, 'Artistic loft in a creative community', 'native', 1209.65, 'you agree to the terms and conditions outlined.', '38');
insert into ads (id, description, type, budget, terms_and_conditions, marketing_campaign_id) values (34, 'Rustic farmhouse surrounded by nature', 'email', 2264.93, 'Offer subject to change without notice. See full terms and conditions for details.', '6');
insert into ads (id, description, type, budget, terms_and_conditions, marketing_campaign_id) values (35, 'Quaint bungalow near the beach', 'video', 1986.8, 'By participating in this promotion', '11');
insert into ads (id, description, type, budget, terms_and_conditions, marketing_campaign_id) values (36, 'Boho-chic glamping tent for a stylish camping trip', 'interstitial', 990.55, 'Promotion valid for a limited time only. Terms and conditions apply.', '39');
insert into ads (id, description, type, budget, terms_and_conditions, marketing_campaign_id) values (37, 'Traditional chalet in the mountains', 'video', 1630.31, 'Offer subject to change without notice. See full terms and conditions for details.', '15');
insert into ads (id, description, type, budget, terms_and_conditions, marketing_campaign_id) values (38, 'Historic mansion with beautiful gardens', 'overlay', 2295.28, 'Promotion valid for a limited time only. Terms and conditions apply.', '17');
insert into ads (id, description, type, budget, terms_and_conditions, marketing_campaign_id) values (39, 'Whimsical treehouse for a magical experience', 'banner', 1358.29, 'Offer subject to change without notice. See full terms and conditions for details.', '21');
insert into ads (id, description, type, budget, terms_and_conditions, marketing_campaign_id) values (40, 'Tranquil lakeside cabin for fishing and boating', 'pop-up', 1111.74, 'Promotion valid for a limited time only. Terms and conditions apply.', '22');


use getawayguru;

insert into tracks (tracked_id, trackee_id) values ('5', '38');
insert into tracks (tracked_id, trackee_id) values ('30', '15');
insert into tracks (tracked_id, trackee_id) values ('3', '40');
insert into tracks (tracked_id, trackee_id) values ('6', '11');
insert into tracks (tracked_id, trackee_id) values ('27', '25');
insert into tracks (tracked_id, trackee_id) values ('10', '18');
insert into tracks (tracked_id, trackee_id) values ('40', '7');
insert into tracks (tracked_id, trackee_id) values ('21', '20');
insert into tracks (tracked_id, trackee_id) values ('11', '36');
insert into tracks (tracked_id, trackee_id) values ('36', '9');
insert into tracks (tracked_id, trackee_id) values ('12', '1');
insert into tracks (tracked_id, trackee_id) values ('8', '22');
insert into tracks (tracked_id, trackee_id) values ('13', '30');
insert into tracks (tracked_id, trackee_id) values ('37', '23');
insert into tracks (tracked_id, trackee_id) values ('24', '10');
insert into tracks (tracked_id, trackee_id) values ('32', '6');
insert into tracks (tracked_id, trackee_id) values ('17', '26');
insert into tracks (tracked_id, trackee_id) values ('2', '16');
insert into tracks (tracked_id, trackee_id) values ('16', '33');
insert into tracks (tracked_id, trackee_id) values ('31', '24');
insert into tracks (tracked_id, trackee_id) values ('1', '17');
insert into tracks (tracked_id, trackee_id) values ('33', '4');
insert into tracks (tracked_id, trackee_id) values ('26', '5');
insert into tracks (tracked_id, trackee_id) values ('28', '31');
insert into tracks (tracked_id, trackee_id) values ('4', '39');
insert into tracks (tracked_id, trackee_id) values ('23', '13');
insert into tracks (tracked_id, trackee_id) values ('7', '34');
insert into tracks (tracked_id, trackee_id) values ('18', '12');
insert into tracks (tracked_id, trackee_id) values ('15', '37');
insert into tracks (tracked_id, trackee_id) values ('29', '27');
insert into tracks (tracked_id, trackee_id) values ('20', '2');
insert into tracks (tracked_id, trackee_id) values ('35', '19');
insert into tracks (tracked_id, trackee_id) values ('25', '29');
insert into tracks (tracked_id, trackee_id) values ('14', '14');
insert into tracks (tracked_id, trackee_id) values ('9', '21');
insert into tracks (tracked_id, trackee_id) values ('38', '28');
insert into tracks (tracked_id, trackee_id) values ('19', '3');
insert into tracks (tracked_id, trackee_id) values ('39', '8');
insert into tracks (tracked_id, trackee_id) values ('22', '32');
insert into tracks (tracked_id, trackee_id) values ('34', '35');
insert into tracks (tracked_id, trackee_id) values ('24', '37');
insert into tracks (tracked_id, trackee_id) values ('5', '34');
insert into tracks (tracked_id, trackee_id) values ('19', '4');
insert into tracks (tracked_id, trackee_id) values ('31', '6');
insert into tracks (tracked_id, trackee_id) values ('9', '32');
insert into tracks (tracked_id, trackee_id) values ('33', '21');
insert into tracks (tracked_id, trackee_id) values ('7', '16');
insert into tracks (tracked_id, trackee_id) values ('14', '39');
insert into tracks (tracked_id, trackee_id) values ('23', '25');
insert into tracks (tracked_id, trackee_id) values ('25', '27');
insert into tracks (tracked_id, trackee_id) values ('12', '9');
insert into tracks (tracked_id, trackee_id) values ('21', '22');
insert into tracks (tracked_id, trackee_id) values ('4', '7');
insert into tracks (tracked_id, trackee_id) values ('36', '24');
insert into tracks (tracked_id, trackee_id) values ('11', '40');
insert into tracks (tracked_id, trackee_id) values ('15', '8');
insert into tracks (tracked_id, trackee_id) values ('31', '11');
insert into tracks (tracked_id, trackee_id) values ('39', '29');
insert into tracks (tracked_id, trackee_id) values ('28', '14');
insert into tracks (tracked_id, trackee_id) values ('10', '17');
insert into tracks (tracked_id, trackee_id) values ('2', '19');
insert into tracks (tracked_id, trackee_id) values ('22', '15');
insert into tracks (tracked_id, trackee_id) values ('38', '2');
insert into tracks (tracked_id, trackee_id) values ('35', '26');
insert into tracks (tracked_id, trackee_id) values ('17', '30');
insert into tracks (tracked_id, trackee_id) values ('8', '5');
insert into tracks (tracked_id, trackee_id) values ('26', '38');
insert into tracks (tracked_id, trackee_id) values ('3', '1');
insert into tracks (tracked_id, trackee_id) values ('18', '28');
insert into tracks (tracked_id, trackee_id) values ('20', '36');
insert into tracks (tracked_id, trackee_id) values ('37', '35');
insert into tracks (tracked_id, trackee_id) values ('40', '18');
insert into tracks (tracked_id, trackee_id) values ('34', '12');
insert into tracks (tracked_id, trackee_id) values ('16', '34');
insert into tracks (tracked_id, trackee_id) values ('1', '3');
insert into tracks (tracked_id, trackee_id) values ('29', '22');
insert into tracks (tracked_id, trackee_id) values ('13', '13');
insert into tracks (tracked_id, trackee_id) values ('6', '10');
insert into tracks (tracked_id, trackee_id) values ('27', '31');
insert into tracks (tracked_id, trackee_id) values ('30', '23');
insert into tracks (tracked_id, trackee_id) values ('4', '11');
insert into tracks (tracked_id, trackee_id) values ('7', '26');
insert into tracks (tracked_id, trackee_id) values ('29', '33');
insert into tracks (tracked_id, trackee_id) values ('3', '6');
insert into tracks (tracked_id, trackee_id) values ('1', '24');
insert into tracks (tracked_id, trackee_id) values ('18', '27');
insert into tracks (tracked_id, trackee_id) values ('16', '40');
insert into tracks (tracked_id, trackee_id) values ('21', '2');
insert into tracks (tracked_id, trackee_id) values ('17', '19');
insert into tracks (tracked_id, trackee_id) values ('10', '25');
insert into tracks (tracked_id, trackee_id) values ('38', '32');
insert into tracks (tracked_id, trackee_id) values ('3', '39');
insert into tracks (tracked_id, trackee_id) values ('2', '31');
insert into tracks (tracked_id, trackee_id) values ('15', '38');
insert into tracks (tracked_id, trackee_id) values ('35', '23');
insert into tracks (tracked_id, trackee_id) values ('20', '17');
insert into tracks (tracked_id, trackee_id) values ('6', '12');
insert into tracks (tracked_id, trackee_id) values ('34', '18');
insert into tracks (tracked_id, trackee_id) values ('5', '7');
insert into tracks (tracked_id, trackee_id) values ('37', '10');


use getawayguru;

insert into city_clicks (city_click_id, city, country, clicked_at, city_id, user_id) values (1, 'Lunel', 'France', '2024-10-05 20:36:56', '6', '6');
insert into city_clicks (city_click_id, city, country, clicked_at, city_id, user_id) values (2, 'Mudanjiang', 'China', '2024-11-05 02:01:27', '31', '33');
insert into city_clicks (city_click_id, city, country, clicked_at, city_id, user_id) values (3, 'Białołeka', 'Poland', '2025-07-01 12:48:47', '28', '37');
insert into city_clicks (city_click_id, city, country, clicked_at, city_id, user_id) values (4, 'Barotac Viejo', 'Philippines', '2024-10-09 22:45:07', '11', '17');
insert into city_clicks (city_click_id, city, country, clicked_at, city_id, user_id) values (5, 'Summerside', 'Canada', '2024-10-12 01:25:35', '9', '23');
insert into city_clicks (city_click_id, city, country, clicked_at, city_id, user_id) values (6, 'Stamford', 'United States', '2024-11-13 02:38:23', '23', '36');
insert into city_clicks (city_click_id, city, country, clicked_at, city_id, user_id) values (7, 'Narutō', 'Japan', '2025-01-17 02:00:11', '30', '2');
insert into city_clicks (city_click_id, city, country, clicked_at, city_id, user_id) values (8, 'Tazhuang', 'China', '2025-07-24 11:04:33', '27', '30');
insert into city_clicks (city_click_id, city, country, clicked_at, city_id, user_id) values (9, 'Bovec', 'Slovenia', '2024-09-30 15:34:39', '25', '18');
insert into city_clicks (city_click_id, city, country, clicked_at, city_id, user_id) values (10, 'Porsgrunn', 'Norway', '2024-09-20 13:23:40', '39', '8');
insert into city_clicks (city_click_id, city, country, clicked_at, city_id, user_id) values (11, 'Antanifotsy', 'Madagascar', '2025-07-26 23:14:33', '14', '7');
insert into city_clicks (city_click_id, city, country, clicked_at, city_id, user_id) values (12, 'Wādī al ‘Uyūn', 'Syria', '2025-02-06 07:30:45', '40', '34');
insert into city_clicks (city_click_id, city, country, clicked_at, city_id, user_id) values (13, 'El Playón', 'Colombia', '2025-06-30 17:47:03', '13', '13');
insert into city_clicks (city_click_id, city, country, clicked_at, city_id, user_id) values (14, 'Jawatiwa', 'Indonesia', '2024-11-27 09:42:19', '16', '32');
insert into city_clicks (city_click_id, city, country, clicked_at, city_id, user_id) values (15, 'Makungu', 'Tanzania', '2025-05-25 07:19:15', '1', '25');
insert into city_clicks (city_click_id, city, country, clicked_at, city_id, user_id) values (16, 'Mailsi', 'Pakistan', '2024-12-22 18:18:06', '15', '12');
insert into city_clicks (city_click_id, city, country, clicked_at, city_id, user_id) values (17, 'Calumpang', 'Philippines', '2025-05-18 00:34:10', '10', '38');
insert into city_clicks (city_click_id, city, country, clicked_at, city_id, user_id) values (18, 'Citeluk', 'Indonesia', '2025-01-04 18:33:49', '20', '16');
insert into city_clicks (city_click_id, city, country, clicked_at, city_id, user_id) values (19, 'Kapsabet', 'Kenya', '2024-10-05 11:01:17', '29', '35');
insert into city_clicks (city_click_id, city, country, clicked_at, city_id, user_id) values (20, 'Sokyryany', 'Ukraine', '2025-06-15 15:15:39', '26', '1');
insert into city_clicks (city_click_id, city, country, clicked_at, city_id, user_id) values (21, 'Adir', 'Jordan', '2025-03-06 22:11:33', '21', '40');
insert into city_clicks (city_click_id, city, country, clicked_at, city_id, user_id) values (22, 'Bolesławiec', 'Poland', '2025-05-11 10:21:29', '22', '10');
insert into city_clicks (city_click_id, city, country, clicked_at, city_id, user_id) values (23, 'København', 'Denmark', '2025-02-12 04:11:26', '36', '14');
insert into city_clicks (city_click_id, city, country, clicked_at, city_id, user_id) values (24, 'Yukhnov', 'Russia', '2025-01-16 16:06:26', '19', '28');
insert into city_clicks (city_click_id, city, country, clicked_at, city_id, user_id) values (25, 'Mporokoso', 'Zambia', '2024-11-17 05:01:36', '17', '4');
insert into city_clicks (city_click_id, city, country, clicked_at, city_id, user_id) values (26, 'Tapiramutá', 'Brazil', '2025-04-14 03:15:40', '12', '31');
insert into city_clicks (city_click_id, city, country, clicked_at, city_id, user_id) values (27, 'Alburitel', 'Portugal', '2024-11-12 13:04:20', '24', '20');
insert into city_clicks (city_click_id, city, country, clicked_at, city_id, user_id) values (28, 'Sumurgeneng', 'Indonesia', '2024-09-01 17:47:14', '35', '29');
insert into city_clicks (city_click_id, city, country, clicked_at, city_id, user_id) values (29, 'Rybczewice', 'Poland', '2025-01-19 17:47:06', '2', '24');
insert into city_clicks (city_click_id, city, country, clicked_at, city_id, user_id) values (30, 'Pahing Jalatrang', 'Indonesia', '2024-11-06 12:45:40', '32', '39');
insert into city_clicks (city_click_id, city, country, clicked_at, city_id, user_id) values (31, 'Aihua', 'China', '2024-12-17 08:10:22', '5', '26');
insert into city_clicks (city_click_id, city, country, clicked_at, city_id, user_id) values (32, 'Zhigong', 'China', '2025-05-10 14:12:25', '34', '3');
insert into city_clicks (city_click_id, city, country, clicked_at, city_id, user_id) values (33, 'Bei', 'Indonesia', '2024-09-25 13:39:28', '3', '22');
insert into city_clicks (city_click_id, city, country, clicked_at, city_id, user_id) values (34, 'Petrovice u Karviné', 'Czech Republic', '2025-07-06 13:15:56', '7', '11');
insert into city_clicks (city_click_id, city, country, clicked_at, city_id, user_id) values (35, 'Sauri', 'Nigeria', '2024-12-26 18:32:27', '4', '21');
insert into city_clicks (city_click_id, city, country, clicked_at, city_id, user_id) values (36, 'Iranduba', 'Brazil', '2024-08-23 22:50:07', '33', '19');
insert into city_clicks (city_click_id, city, country, clicked_at, city_id, user_id) values (37, 'Verba', 'Portugal', '2025-08-09 13:47:18', '8', '9');
insert into city_clicks (city_click_id, city, country, clicked_at, city_id, user_id) values (38, 'Gaozhou', 'China', '2025-02-27 08:25:41', '37', '5');
insert into city_clicks (city_click_id, city, country, clicked_at, city_id, user_id) values (39, 'Smolenka', 'Russia', '2024-09-24 10:50:06', '38', '27');
insert into city_clicks (city_click_id, city, country, clicked_at, city_id, user_id) values (40, 'Baohe', 'China', '2025-01-23 02:46:09', '18', '15');
insert into city_clicks (city_click_id, city, country, clicked_at, city_id, user_id) values (41, 'Syrskoye', 'Russia', '2025-06-11 10:59:29', '3', '17');
insert into city_clicks (city_click_id, city, country, clicked_at, city_id, user_id) values (42, 'Huangbao', 'China', '2024-12-18 02:43:39', '17', '8');
insert into city_clicks (city_click_id, city, country, clicked_at, city_id, user_id) values (43, 'Poá', 'Brazil', '2025-05-01 20:17:02', '14', '27');
insert into city_clicks (city_click_id, city, country, clicked_at, city_id, user_id) values (44, 'Mongaguá', 'Brazil', '2025-05-19 06:11:09', '30', '34');
insert into city_clicks (city_click_id, city, country, clicked_at, city_id, user_id) values (45, 'Sv. Ana v Slov. Goricah', 'Slovenia', '2025-05-28 10:36:28', '7', '1');
insert into city_clicks (city_click_id, city, country, clicked_at, city_id, user_id) values (46, 'Sukasetia', 'Indonesia', '2024-10-10 10:44:40', '5', '2');
insert into city_clicks (city_click_id, city, country, clicked_at, city_id, user_id) values (47, 'Wangping', 'China', '2025-01-13 01:02:42', '33', '7');
insert into city_clicks (city_click_id, city, country, clicked_at, city_id, user_id) values (48, 'Hüremt', 'Mongolia', '2024-12-06 08:08:39', '25', '28');
insert into city_clicks (city_click_id, city, country, clicked_at, city_id, user_id) values (49, 'Nantes', 'France', '2025-05-09 13:30:51', '20', '6');
insert into city_clicks (city_click_id, city, country, clicked_at, city_id, user_id) values (50, 'Jaguarari', 'Brazil', '2025-03-22 20:07:19', '4', '5');
insert into city_clicks (city_click_id, city, country, clicked_at, city_id, user_id) values (51, 'Sangumata', 'Indonesia', '2024-11-30 15:25:25', '34', '40');
insert into city_clicks (city_click_id, city, country, clicked_at, city_id, user_id) values (52, 'Haihui', 'China', '2024-12-12 02:35:40', '31', '12');
insert into city_clicks (city_click_id, city, country, clicked_at, city_id, user_id) values (53, 'Hinthada', 'Myanmar', '2025-04-08 20:48:45', '11', '16');
insert into city_clicks (city_click_id, city, country, clicked_at, city_id, user_id) values (54, 'Malonty', 'Czech Republic', '2025-06-26 00:08:02', '32', '14');
insert into city_clicks (city_click_id, city, country, clicked_at, city_id, user_id) values (55, 'Liushun', 'China', '2024-10-17 12:04:08', '27', '3');
insert into city_clicks (city_click_id, city, country, clicked_at, city_id, user_id) values (56, 'Xiali', 'China', '2025-02-21 18:12:19', '29', '36');
insert into city_clicks (city_click_id, city, country, clicked_at, city_id, user_id) values (57, 'San Bernardo', 'Philippines', '2025-07-07 03:53:11', '2', '4');
insert into city_clicks (city_click_id, city, country, clicked_at, city_id, user_id) values (58, 'Tominian', 'Mali', '2025-07-13 15:38:12', '21', '31');
insert into city_clicks (city_click_id, city, country, clicked_at, city_id, user_id) values (59, 'Skövde', 'Sweden', '2024-08-26 08:20:08', '35', '39');
insert into city_clicks (city_click_id, city, country, clicked_at, city_id, user_id) values (60, 'Wujian', 'China', '2025-04-23 22:57:45', '28', '13');
insert into city_clicks (city_click_id, city, country, clicked_at, city_id, user_id) values (61, 'Iwakuni', 'Japan', '2025-04-07 04:06:37', '23', '30');
insert into city_clicks (city_click_id, city, country, clicked_at, city_id, user_id) values (62, 'Dallas', 'United States', '2024-10-30 22:05:57', '18', '37');
insert into city_clicks (city_click_id, city, country, clicked_at, city_id, user_id) values (63, 'Maracaçumé', 'Brazil', '2025-04-30 06:01:23', '10', '20');
insert into city_clicks (city_click_id, city, country, clicked_at, city_id, user_id) values (64, 'Liaobu', 'China', '2025-04-12 09:59:37', '24', '22');
insert into city_clicks (city_click_id, city, country, clicked_at, city_id, user_id) values (65, 'Yedogon', 'Russia', '2025-04-05 00:36:37', '12', '11');
insert into city_clicks (city_click_id, city, country, clicked_at, city_id, user_id) values (66, 'Manhush', 'Ukraine', '2024-10-05 13:18:58', '37', '15');
insert into city_clicks (city_click_id, city, country, clicked_at, city_id, user_id) values (67, 'Groznyy', 'Russia', '2025-02-12 03:57:55', '1', '38');
insert into city_clicks (city_click_id, city, country, clicked_at, city_id, user_id) values (68, 'Dolores', 'Uruguay', '2025-05-27 18:55:59', '19', '35');
insert into city_clicks (city_click_id, city, country, clicked_at, city_id, user_id) values (69, 'Opařany', 'Czech Republic', '2025-07-18 23:50:31', '15', '29');
insert into city_clicks (city_click_id, city, country, clicked_at, city_id, user_id) values (70, 'Uglyanets', 'Russia', '2025-02-12 22:36:56', '13', '32');
insert into city_clicks (city_click_id, city, country, clicked_at, city_id, user_id) values (71, 'Altkirch', 'France', '2024-10-11 03:32:27', '22', '10');
insert into city_clicks (city_click_id, city, country, clicked_at, city_id, user_id) values (72, 'Arue', 'French Polynesia', '2025-02-24 13:01:34', '16', '33');
insert into city_clicks (city_click_id, city, country, clicked_at, city_id, user_id) values (73, 'Murom', 'Russia', '2025-05-28 17:40:07', '38', '9');
insert into city_clicks (city_click_id, city, country, clicked_at, city_id, user_id) values (74, 'Ordem', 'Portugal', '2025-03-25 03:41:30', '26', '18');
insert into city_clicks (city_click_id, city, country, clicked_at, city_id, user_id) values (75, 'Formosa', 'Argentina', '2025-03-01 03:48:51', '40', '21');
insert into city_clicks (city_click_id, city, country, clicked_at, city_id, user_id) values (76, 'Kandhkot', 'Pakistan', '2025-06-19 17:00:08', '9', '19');
insert into city_clicks (city_click_id, city, country, clicked_at, city_id, user_id) values (77, 'Paucar', 'Peru', '2024-09-29 01:00:10', '8', '25');
insert into city_clicks (city_click_id, city, country, clicked_at, city_id, user_id) values (78, 'La Ceja', 'Colombia', '2024-08-20 18:10:48', '6', '24');
insert into city_clicks (city_click_id, city, country, clicked_at, city_id, user_id) values (79, 'Suḩayl Shibām', 'Yemen', '2024-10-31 15:21:06', '36', '23');
insert into city_clicks (city_click_id, city, country, clicked_at, city_id, user_id) values (80, 'Schenectady', 'United States', '2025-03-17 08:44:27', '39', '26');
insert into city_clicks (city_click_id, city, country, clicked_at, city_id, user_id) values (81, 'Moravská Nová Ves', 'Czech Republic', '2024-09-26 18:04:50', '32', '11');
insert into city_clicks (city_click_id, city, country, clicked_at, city_id, user_id) values (82, 'Niandou', 'China', '2024-09-08 20:54:03', '17', '17');
insert into city_clicks (city_click_id, city, country, clicked_at, city_id, user_id) values (83, 'Novolugovoye', 'Russia', '2024-11-23 03:48:49', '33', '3');
insert into city_clicks (city_click_id, city, country, clicked_at, city_id, user_id) values (84, 'Vicuña', 'Chile', '2025-05-26 18:29:07', '36', '26');
insert into city_clicks (city_click_id, city, country, clicked_at, city_id, user_id) values (85, 'Susaki', 'Japan', '2024-09-26 07:02:08', '24', '31');
insert into city_clicks (city_click_id, city, country, clicked_at, city_id, user_id) values (86, 'Jiazhuyuan', 'China', '2025-06-06 07:11:39', '26', '32');
insert into city_clicks (city_click_id, city, country, clicked_at, city_id, user_id) values (87, 'Hermanus', 'South Africa', '2024-09-28 04:28:50', '25', '16');
insert into city_clicks (city_click_id, city, country, clicked_at, city_id, user_id) values (88, 'Belén Gualcho', 'Honduras', '2025-07-24 22:06:57', '39', '22');
insert into city_clicks (city_click_id, city, country, clicked_at, city_id, user_id) values (89, 'Bria', 'Central African Republic', '2024-11-10 19:36:37', '40', '5');
insert into city_clicks (city_click_id, city, country, clicked_at, city_id, user_id) values (90, 'Antigonish', 'Canada', '2025-04-24 20:18:46', '12', '7');
insert into city_clicks (city_click_id, city, country, clicked_at, city_id, user_id) values (91, 'Julun', 'China', '2025-03-28 15:46:51', '14', '36');
insert into city_clicks (city_click_id, city, country, clicked_at, city_id, user_id) values (92, 'Portela', 'Portugal', '2024-10-28 07:59:40', '31', '21');
insert into city_clicks (city_click_id, city, country, clicked_at, city_id, user_id) values (93, 'Vaudreuil-Dorion', 'Canada', '2024-10-14 06:04:35', '29', '38');
insert into city_clicks (city_click_id, city, country, clicked_at, city_id, user_id) values (94, 'Straszydle', 'Poland', '2024-11-18 00:15:17', '18', '20');
insert into city_clicks (city_click_id, city, country, clicked_at, city_id, user_id) values (95, 'Purac', 'Philippines', '2025-05-21 04:32:02', '8', '33');
insert into city_clicks (city_click_id, city, country, clicked_at, city_id, user_id) values (96, 'Youshan', 'China', '2025-05-19 05:30:01', '27', '9');
insert into city_clicks (city_click_id, city, country, clicked_at, city_id, user_id) values (97, 'Arlöv', 'Sweden', '2025-01-28 01:24:53', '37', '25');
insert into city_clicks (city_click_id, city, country, clicked_at, city_id, user_id) values (98, 'Telouet', 'Morocco', '2024-11-17 11:21:25', '9', '10');
insert into city_clicks (city_click_id, city, country, clicked_at, city_id, user_id) values (99, 'Zátor', 'Czech Republic', '2025-02-20 01:32:53', '23', '39');
insert into city_clicks (city_click_id, city, country, clicked_at, city_id, user_id) values (100, 'Heitan', 'China', '2024-12-25 20:30:10', '2', '6');


use getawayguru;

insert into hotel_clicks (hotel_click_id, click_counter, country, clicked_at, hotel_id, user_id) values (1, 43, 'Portugal', '2024-09-28 22:54:36', '33', '33');
insert into hotel_clicks (hotel_click_id, click_counter, country, clicked_at, hotel_id, user_id) values (2, 41, 'Zambia', '2025-05-07 14:23:06', '38', '24');
insert into hotel_clicks (hotel_click_id, click_counter, country, clicked_at, hotel_id, user_id) values (3, 46, 'South Africa', '2024-12-29 02:04:24', '26', '2');
insert into hotel_clicks (hotel_click_id, click_counter, country, clicked_at, hotel_id, user_id) values (4, 38, 'Philippines', '2025-06-11 23:28:39', '37', '5');
insert into hotel_clicks (hotel_click_id, click_counter, country, clicked_at, hotel_id, user_id) values (5, 35, 'Philippines', '2024-12-26 21:00:28', '3', '28');
insert into hotel_clicks (hotel_click_id, click_counter, country, clicked_at, hotel_id, user_id) values (6, 23, 'Chile', '2024-09-05 10:46:15', '20', '39');
insert into hotel_clicks (hotel_click_id, click_counter, country, clicked_at, hotel_id, user_id) values (7, 39, 'Thailand', '2024-11-11 10:07:37', '32', '29');
insert into hotel_clicks (hotel_click_id, click_counter, country, clicked_at, hotel_id, user_id) values (8, 21, 'Honduras', '2025-07-27 04:09:03', '22', '8');
insert into hotel_clicks (hotel_click_id, click_counter, country, clicked_at, hotel_id, user_id) values (9, 43, 'Poland', '2025-05-05 02:05:49', '27', '26');
insert into hotel_clicks (hotel_click_id, click_counter, country, clicked_at, hotel_id, user_id) values (10, 20, 'Philippines', '2025-01-25 03:09:28', '21', '32');
insert into hotel_clicks (hotel_click_id, click_counter, country, clicked_at, hotel_id, user_id) values (11, 29, 'Indonesia', '2024-09-10 16:41:28', '36', '30');
insert into hotel_clicks (hotel_click_id, click_counter, country, clicked_at, hotel_id, user_id) values (12, 37, 'United States', '2024-12-08 10:19:14', '31', '21');
insert into hotel_clicks (hotel_click_id, click_counter, country, clicked_at, hotel_id, user_id) values (13, 14, 'Benin', '2025-07-14 08:28:44', '40', '6');
insert into hotel_clicks (hotel_click_id, click_counter, country, clicked_at, hotel_id, user_id) values (14, 5, 'Argentina', '2024-10-24 03:00:04', '17', '12');
insert into hotel_clicks (hotel_click_id, click_counter, country, clicked_at, hotel_id, user_id) values (15, 18, 'China', '2025-06-28 19:45:42', '18', '20');
insert into hotel_clicks (hotel_click_id, click_counter, country, clicked_at, hotel_id, user_id) values (16, 46, 'Indonesia', '2025-06-07 06:38:09', '12', '23');
insert into hotel_clicks (hotel_click_id, click_counter, country, clicked_at, hotel_id, user_id) values (17, 38, 'Indonesia', '2025-05-29 15:42:09', '8', '19');
insert into hotel_clicks (hotel_click_id, click_counter, country, clicked_at, hotel_id, user_id) values (18, 31, 'Indonesia', '2024-08-18 07:37:27', '5', '16');
insert into hotel_clicks (hotel_click_id, click_counter, country, clicked_at, hotel_id, user_id) values (19, 20, 'Yemen', '2025-03-02 05:34:31', '34', '35');
insert into hotel_clicks (hotel_click_id, click_counter, country, clicked_at, hotel_id, user_id) values (20, 14, 'China', '2025-01-03 16:39:00', '1', '13');
insert into hotel_clicks (hotel_click_id, click_counter, country, clicked_at, hotel_id, user_id) values (21, 47, 'Indonesia', '2024-10-20 02:02:13', '28', '36');
insert into hotel_clicks (hotel_click_id, click_counter, country, clicked_at, hotel_id, user_id) values (22, 4, 'Japan', '2025-01-28 05:02:00', '4', '4');
insert into hotel_clicks (hotel_click_id, click_counter, country, clicked_at, hotel_id, user_id) values (23, 3, 'Cyprus', '2025-07-17 00:27:53', '7', '17');
insert into hotel_clicks (hotel_click_id, click_counter, country, clicked_at, hotel_id, user_id) values (24, 15, 'Macedonia', '2024-09-20 07:11:03', '19', '11');
insert into hotel_clicks (hotel_click_id, click_counter, country, clicked_at, hotel_id, user_id) values (25, 14, 'Indonesia', '2025-01-28 12:20:43', '9', '27');
insert into hotel_clicks (hotel_click_id, click_counter, country, clicked_at, hotel_id, user_id) values (26, 9, 'Nigeria', '2025-05-28 09:25:19', '13', '3');
insert into hotel_clicks (hotel_click_id, click_counter, country, clicked_at, hotel_id, user_id) values (27, 4, 'China', '2025-07-06 00:21:57', '35', '1');
insert into hotel_clicks (hotel_click_id, click_counter, country, clicked_at, hotel_id, user_id) values (28, 4, 'Philippines', '2024-09-17 04:30:07', '2', '7');
insert into hotel_clicks (hotel_click_id, click_counter, country, clicked_at, hotel_id, user_id) values (29, 15, 'Kazakhstan', '2025-01-28 21:06:37', '29', '15');
insert into hotel_clicks (hotel_click_id, click_counter, country, clicked_at, hotel_id, user_id) values (30, 7, 'Russia', '2025-01-12 07:28:24', '14', '14');
insert into hotel_clicks (hotel_click_id, click_counter, country, clicked_at, hotel_id, user_id) values (31, 16, 'China', '2025-03-31 18:34:05', '30', '25');
insert into hotel_clicks (hotel_click_id, click_counter, country, clicked_at, hotel_id, user_id) values (32, 22, 'Ukraine', '2024-10-22 01:14:34', '6', '38');
insert into hotel_clicks (hotel_click_id, click_counter, country, clicked_at, hotel_id, user_id) values (33, 34, 'Russia', '2025-07-04 17:03:55', '10', '40');
insert into hotel_clicks (hotel_click_id, click_counter, country, clicked_at, hotel_id, user_id) values (34, 28, 'Ukraine', '2025-04-22 23:01:16', '23', '22');
insert into hotel_clicks (hotel_click_id, click_counter, country, clicked_at, hotel_id, user_id) values (35, 47, 'Sri Lanka', '2025-01-07 04:26:50', '15', '37');
insert into hotel_clicks (hotel_click_id, click_counter, country, clicked_at, hotel_id, user_id) values (36, 4, 'Russia', '2025-07-24 07:17:15', '11', '18');
insert into hotel_clicks (hotel_click_id, click_counter, country, clicked_at, hotel_id, user_id) values (37, 25, 'Netherlands', '2024-11-13 19:31:02', '24', '31');
insert into hotel_clicks (hotel_click_id, click_counter, country, clicked_at, hotel_id, user_id) values (38, 28, 'Czech Republic', '2025-04-11 08:45:13', '16', '34');
insert into hotel_clicks (hotel_click_id, click_counter, country, clicked_at, hotel_id, user_id) values (39, 17, 'Russia', '2025-01-25 05:52:48', '25', '10');
insert into hotel_clicks (hotel_click_id, click_counter, country, clicked_at, hotel_id, user_id) values (40, 2, 'France', '2025-06-18 15:49:45', '39', '9');
insert into hotel_clicks (hotel_click_id, click_counter, country, clicked_at, hotel_id, user_id) values (41, 13, 'France', '2025-06-15 09:37:45', '40', '30');
insert into hotel_clicks (hotel_click_id, click_counter, country, clicked_at, hotel_id, user_id) values (42, 36, 'Philippines', '2025-06-04 05:28:06', '7', '23');
insert into hotel_clicks (hotel_click_id, click_counter, country, clicked_at, hotel_id, user_id) values (43, 20, 'Democratic Republic of the Congo', '2025-02-04 18:39:17', '12', '25');
insert into hotel_clicks (hotel_click_id, click_counter, country, clicked_at, hotel_id, user_id) values (44, 3, 'Brazil', '2025-03-29 18:42:49', '10', '27');
insert into hotel_clicks (hotel_click_id, click_counter, country, clicked_at, hotel_id, user_id) values (45, 24, 'China', '2025-03-28 03:33:06', '18', '31');
insert into hotel_clicks (hotel_click_id, click_counter, country, clicked_at, hotel_id, user_id) values (46, 13, 'China', '2024-09-14 09:55:46', '39', '19');
insert into hotel_clicks (hotel_click_id, click_counter, country, clicked_at, hotel_id, user_id) values (47, 26, 'Russia', '2024-11-22 04:15:03', '24', '15');
insert into hotel_clicks (hotel_click_id, click_counter, country, clicked_at, hotel_id, user_id) values (48, 40, 'Russia', '2025-05-24 04:23:03', '9', '17');
insert into hotel_clicks (hotel_click_id, click_counter, country, clicked_at, hotel_id, user_id) values (49, 32, 'Paraguay', '2025-07-03 21:52:12', '3', '38');
insert into hotel_clicks (hotel_click_id, click_counter, country, clicked_at, hotel_id, user_id) values (50, 43, 'Russia', '2024-12-13 13:33:44', '11', '33');
insert into hotel_clicks (hotel_click_id, click_counter, country, clicked_at, hotel_id, user_id) values (51, 45, 'Brazil', '2025-07-18 12:19:32', '22', '36');
insert into hotel_clicks (hotel_click_id, click_counter, country, clicked_at, hotel_id, user_id) values (52, 16, 'Ireland', '2024-12-09 11:57:23', '15', '24');
insert into hotel_clicks (hotel_click_id, click_counter, country, clicked_at, hotel_id, user_id) values (53, 7, 'Czech Republic', '2024-09-01 01:33:55', '2', '8');
insert into hotel_clicks (hotel_click_id, click_counter, country, clicked_at, hotel_id, user_id) values (54, 18, 'Cape Verde', '2025-02-10 18:24:10', '33', '32');
insert into hotel_clicks (hotel_click_id, click_counter, country, clicked_at, hotel_id, user_id) values (55, 9, 'France', '2024-09-03 15:39:52', '14', '16');
insert into hotel_clicks (hotel_click_id, click_counter, country, clicked_at, hotel_id, user_id) values (56, 15, 'Thailand', '2025-04-23 05:24:19', '16', '18');
insert into hotel_clicks (hotel_click_id, click_counter, country, clicked_at, hotel_id, user_id) values (57, 32, 'Finland', '2025-04-28 11:19:55', '27', '11');
insert into hotel_clicks (hotel_click_id, click_counter, country, clicked_at, hotel_id, user_id) values (58, 13, 'China', '2024-09-20 00:06:52', '8', '29');
insert into hotel_clicks (hotel_click_id, click_counter, country, clicked_at, hotel_id, user_id) values (59, 9, 'China', '2024-08-22 07:22:54', '6', '28');
insert into hotel_clicks (hotel_click_id, click_counter, country, clicked_at, hotel_id, user_id) values (60, 43, 'Russia', '2024-12-06 07:28:34', '19', '13');
insert into hotel_clicks (hotel_click_id, click_counter, country, clicked_at, hotel_id, user_id) values (61, 46, 'Canada', '2025-02-24 08:39:47', '17', '26');
insert into hotel_clicks (hotel_click_id, click_counter, country, clicked_at, hotel_id, user_id) values (62, 49, 'Peru', '2024-08-30 03:58:43', '36', '4');
insert into hotel_clicks (hotel_click_id, click_counter, country, clicked_at, hotel_id, user_id) values (63, 37, 'Indonesia', '2025-05-25 20:25:04', '4', '20');
insert into hotel_clicks (hotel_click_id, click_counter, country, clicked_at, hotel_id, user_id) values (64, 15, 'Uzbekistan', '2024-08-14 21:31:03', '25', '39');
insert into hotel_clicks (hotel_click_id, click_counter, country, clicked_at, hotel_id, user_id) values (65, 15, 'Kazakhstan', '2024-08-20 11:44:46', '28', '3');
insert into hotel_clicks (hotel_click_id, click_counter, country, clicked_at, hotel_id, user_id) values (66, 33, 'Latvia', '2025-07-12 05:16:59', '13', '9');
insert into hotel_clicks (hotel_click_id, click_counter, country, clicked_at, hotel_id, user_id) values (67, 36, 'China', '2024-11-27 13:26:32', '37', '5');
insert into hotel_clicks (hotel_click_id, click_counter, country, clicked_at, hotel_id, user_id) values (68, 48, 'Democratic Republic of the Congo', '2024-11-09 07:17:50', '35', '6');
insert into hotel_clicks (hotel_click_id, click_counter, country, clicked_at, hotel_id, user_id) values (69, 43, 'Norway', '2025-07-24 10:40:17', '32', '22');
insert into hotel_clicks (hotel_click_id, click_counter, country, clicked_at, hotel_id, user_id) values (70, 13, 'Egypt', '2025-06-19 04:14:55', '21', '37');
insert into hotel_clicks (hotel_click_id, click_counter, country, clicked_at, hotel_id, user_id) values (71, 31, 'China', '2025-03-13 21:06:05', '31', '10');
insert into hotel_clicks (hotel_click_id, click_counter, country, clicked_at, hotel_id, user_id) values (72, 41, 'Indonesia', '2024-11-27 13:39:14', '1', '2');
insert into hotel_clicks (hotel_click_id, click_counter, country, clicked_at, hotel_id, user_id) values (73, 20, 'China', '2025-02-25 21:05:55', '26', '35');
insert into hotel_clicks (hotel_click_id, click_counter, country, clicked_at, hotel_id, user_id) values (74, 14, 'Nigeria', '2024-11-09 20:38:22', '5', '40');
insert into hotel_clicks (hotel_click_id, click_counter, country, clicked_at, hotel_id, user_id) values (75, 14, 'Cyprus', '2025-04-20 19:08:40', '29', '12');
insert into hotel_clicks (hotel_click_id, click_counter, country, clicked_at, hotel_id, user_id) values (76, 37, 'Canada', '2025-03-19 19:38:21', '30', '21');
insert into hotel_clicks (hotel_click_id, click_counter, country, clicked_at, hotel_id, user_id) values (77, 14, 'Cameroon', '2024-08-28 10:10:43', '34', '7');
insert into hotel_clicks (hotel_click_id, click_counter, country, clicked_at, hotel_id, user_id) values (78, 12, 'Brazil', '2024-09-23 20:04:53', '23', '14');
insert into hotel_clicks (hotel_click_id, click_counter, country, clicked_at, hotel_id, user_id) values (79, 31, 'Croatia', '2025-02-08 15:57:10', '38', '1');
insert into hotel_clicks (hotel_click_id, click_counter, country, clicked_at, hotel_id, user_id) values (80, 27, 'Ivory Coast', '2024-09-21 00:43:35', '20', '34');
insert into hotel_clicks (hotel_click_id, click_counter, country, clicked_at, hotel_id, user_id) values (81, 46, 'Canada', '2024-09-02 20:23:39', '25', '19');
insert into hotel_clicks (hotel_click_id, click_counter, country, clicked_at, hotel_id, user_id) values (82, 13, 'Indonesia', '2025-03-16 11:45:37', '33', '1');
insert into hotel_clicks (hotel_click_id, click_counter, country, clicked_at, hotel_id, user_id) values (83, 22, 'Philippines', '2025-02-02 16:12:44', '38', '2');
insert into hotel_clicks (hotel_click_id, click_counter, country, clicked_at, hotel_id, user_id) values (84, 15, 'China', '2024-12-18 18:46:56', '1', '32');
insert into hotel_clicks (hotel_click_id, click_counter, country, clicked_at, hotel_id, user_id) values (85, 37, 'Ukraine', '2025-01-06 01:59:59', '7', '37');
insert into hotel_clicks (hotel_click_id, click_counter, country, clicked_at, hotel_id, user_id) values (86, 20, 'Morocco', '2024-11-10 21:29:10', '15', '35');
insert into hotel_clicks (hotel_click_id, click_counter, country, clicked_at, hotel_id, user_id) values (87, 49, 'Poland', '2025-05-20 12:02:01', '2', '23');
insert into hotel_clicks (hotel_click_id, click_counter, country, clicked_at, hotel_id, user_id) values (88, 17, 'Poland', '2025-04-28 22:56:56', '17', '28');
insert into hotel_clicks (hotel_click_id, click_counter, country, clicked_at, hotel_id, user_id) values (89, 7, 'Ireland', '2024-10-27 16:49:39', '31', '13');
insert into hotel_clicks (hotel_click_id, click_counter, country, clicked_at, hotel_id, user_id) values (90, 5, 'Kenya', '2025-05-08 15:29:41', '19', '14');
insert into hotel_clicks (hotel_click_id, click_counter, country, clicked_at, hotel_id, user_id) values (91, 14, 'Palestinian Territory', '2025-03-03 04:23:47', '5', '10');
insert into hotel_clicks (hotel_click_id, click_counter, country, clicked_at, hotel_id, user_id) values (92, 22, 'China', '2025-05-08 03:55:13', '29', '27');
insert into hotel_clicks (hotel_click_id, click_counter, country, clicked_at, hotel_id, user_id) values (93, 33, 'Czech Republic', '2024-11-24 17:59:51', '37', '18');
insert into hotel_clicks (hotel_click_id, click_counter, country, clicked_at, hotel_id, user_id) values (94, 41, 'Poland', '2025-05-01 05:39:23', '18', '3');
insert into hotel_clicks (hotel_click_id, click_counter, country, clicked_at, hotel_id, user_id) values (95, 2, 'China', '2025-08-06 21:54:27', '28', '6');
insert into hotel_clicks (hotel_click_id, click_counter, country, clicked_at, hotel_id, user_id) values (96, 10, 'Greece', '2025-01-28 13:00:41', '4', '22');
insert into hotel_clicks (hotel_click_id, click_counter, country, clicked_at, hotel_id, user_id) values (97, 44, 'Vietnam', '2025-01-04 05:06:10', '24', '16');
insert into hotel_clicks (hotel_click_id, click_counter, country, clicked_at, hotel_id, user_id) values (98, 50, 'Czech Republic', '2025-04-16 03:02:57', '16', '12');
insert into hotel_clicks (hotel_click_id, click_counter, country, clicked_at, hotel_id, user_id) values (99, 43, 'China', '2025-06-05 23:01:04', '11', '8');
insert into hotel_clicks (hotel_click_id, click_counter, country, clicked_at, hotel_id, user_id) values (100, 19, 'Brazil', '2025-02-08 17:26:40', '35', '17');

use getawayguru;

insert into attraction_clicks (attraction_click_id, click_counter, attraction_id, user_id, clicked_at, country) values (1, 42, '14', '18', '2025-03-10 03:12:51', 'Indonesia');
insert into attraction_clicks (attraction_click_id, click_counter, attraction_id, user_id, clicked_at, country) values (2, 20, '17', '13', '2025-03-26 20:45:52', 'Indonesia');
insert into attraction_clicks (attraction_click_id, click_counter, attraction_id, user_id, clicked_at, country) values (3, 5, '15', '12', '2024-12-23 13:45:11', 'Lesotho');
insert into attraction_clicks (attraction_click_id, click_counter, attraction_id, user_id, clicked_at, country) values (4, 9, '32', '21', '2024-09-22 10:50:30', 'Philippines');
insert into attraction_clicks (attraction_click_id, click_counter, attraction_id, user_id, clicked_at, country) values (5, 8, '11', '5', '2025-03-14 21:52:07', 'France');
insert into attraction_clicks (attraction_click_id, click_counter, attraction_id, user_id, clicked_at, country) values (6, 35, '5', '19', '2025-06-06 17:59:35', 'China');
insert into attraction_clicks (attraction_click_id, click_counter, attraction_id, user_id, clicked_at, country) values (7, 46, '33', '6', '2024-09-29 07:38:38', 'Colombia');
insert into attraction_clicks (attraction_click_id, click_counter, attraction_id, user_id, clicked_at, country) values (8, 32, '13', '40', '2025-02-12 13:11:08', 'China');
insert into attraction_clicks (attraction_click_id, click_counter, attraction_id, user_id, clicked_at, country) values (9, 29, '23', '26', '2025-01-14 19:02:10', 'Armenia');
insert into attraction_clicks (attraction_click_id, click_counter, attraction_id, user_id, clicked_at, country) values (10, 29, '18', '28', '2025-05-13 15:36:31', 'Serbia');
insert into attraction_clicks (attraction_click_id, click_counter, attraction_id, user_id, clicked_at, country) values (11, 5, '39', '16', '2025-02-23 20:31:20', 'China');
insert into attraction_clicks (attraction_click_id, click_counter, attraction_id, user_id, clicked_at, country) values (12, 27, '30', '2', '2025-02-01 15:10:24', 'China');
insert into attraction_clicks (attraction_click_id, click_counter, attraction_id, user_id, clicked_at, country) values (13, 1, '22', '39', '2025-02-01 12:10:28', 'Israel');
insert into attraction_clicks (attraction_click_id, click_counter, attraction_id, user_id, clicked_at, country) values (14, 13, '7', '37', '2025-06-04 17:06:23', 'China');
insert into attraction_clicks (attraction_click_id, click_counter, attraction_id, user_id, clicked_at, country) values (15, 50, '1', '23', '2025-07-09 15:34:32', 'China');
insert into attraction_clicks (attraction_click_id, click_counter, attraction_id, user_id, clicked_at, country) values (16, 23, '34', '7', '2025-08-08 02:22:55', 'Myanmar');
insert into attraction_clicks (attraction_click_id, click_counter, attraction_id, user_id, clicked_at, country) values (17, 28, '28', '27', '2024-12-12 06:28:23', 'Colombia');
insert into attraction_clicks (attraction_click_id, click_counter, attraction_id, user_id, clicked_at, country) values (18, 42, '20', '33', '2025-01-11 18:28:11', 'Poland');
insert into attraction_clicks (attraction_click_id, click_counter, attraction_id, user_id, clicked_at, country) values (19, 47, '21', '38', '2024-09-10 18:41:29', 'Philippines');
insert into attraction_clicks (attraction_click_id, click_counter, attraction_id, user_id, clicked_at, country) values (20, 22, '6', '31', '2025-08-01 11:51:07', 'Portugal');
insert into attraction_clicks (attraction_click_id, click_counter, attraction_id, user_id, clicked_at, country) values (21, 44, '37', '4', '2024-12-08 10:42:19', 'Slovenia');
insert into attraction_clicks (attraction_click_id, click_counter, attraction_id, user_id, clicked_at, country) values (22, 6, '19', '15', '2025-04-22 07:35:48', 'Croatia');
insert into attraction_clicks (attraction_click_id, click_counter, attraction_id, user_id, clicked_at, country) values (23, 29, '38', '34', '2025-01-25 14:51:03', 'Portugal');
insert into attraction_clicks (attraction_click_id, click_counter, attraction_id, user_id, clicked_at, country) values (24, 7, '31', '17', '2024-11-12 08:23:02', 'Indonesia');
insert into attraction_clicks (attraction_click_id, click_counter, attraction_id, user_id, clicked_at, country) values (25, 27, '9', '35', '2025-03-27 10:11:05', 'Philippines');
insert into attraction_clicks (attraction_click_id, click_counter, attraction_id, user_id, clicked_at, country) values (26, 12, '24', '1', '2024-10-31 00:57:07', 'Cameroon');
insert into attraction_clicks (attraction_click_id, click_counter, attraction_id, user_id, clicked_at, country) values (27, 19, '29', '11', '2024-12-28 17:41:46', 'Syria');
insert into attraction_clicks (attraction_click_id, click_counter, attraction_id, user_id, clicked_at, country) values (28, 48, '4', '29', '2025-04-06 03:54:01', 'China');
insert into attraction_clicks (attraction_click_id, click_counter, attraction_id, user_id, clicked_at, country) values (29, 23, '10', '9', '2025-07-28 19:09:18', 'Poland');
insert into attraction_clicks (attraction_click_id, click_counter, attraction_id, user_id, clicked_at, country) values (30, 10, '27', '32', '2024-10-30 00:51:20', 'Poland');
insert into attraction_clicks (attraction_click_id, click_counter, attraction_id, user_id, clicked_at, country) values (31, 16, '16', '3', '2024-09-09 13:31:48', 'Tanzania');
insert into attraction_clicks (attraction_click_id, click_counter, attraction_id, user_id, clicked_at, country) values (32, 47, '36', '10', '2024-12-26 06:44:06', 'Brazil');
insert into attraction_clicks (attraction_click_id, click_counter, attraction_id, user_id, clicked_at, country) values (33, 6, '12', '22', '2024-09-03 12:19:16', 'Japan');
insert into attraction_clicks (attraction_click_id, click_counter, attraction_id, user_id, clicked_at, country) values (34, 7, '40', '30', '2024-08-25 19:07:00', 'China');
insert into attraction_clicks (attraction_click_id, click_counter, attraction_id, user_id, clicked_at, country) values (35, 42, '8', '20', '2024-08-15 09:15:58', 'China');
insert into attraction_clicks (attraction_click_id, click_counter, attraction_id, user_id, clicked_at, country) values (36, 39, '25', '24', '2025-06-08 01:14:06', 'Turkmenistan');
insert into attraction_clicks (attraction_click_id, click_counter, attraction_id, user_id, clicked_at, country) values (37, 12, '35', '36', '2025-07-03 23:03:59', 'Argentina');
insert into attraction_clicks (attraction_click_id, click_counter, attraction_id, user_id, clicked_at, country) values (38, 39, '3', '25', '2025-08-05 10:31:04', 'Brazil');
insert into attraction_clicks (attraction_click_id, click_counter, attraction_id, user_id, clicked_at, country) values (39, 36, '2', '14', '2025-01-13 12:06:25', 'China');
insert into attraction_clicks (attraction_click_id, click_counter, attraction_id, user_id, clicked_at, country) values (40, 12, '26', '8', '2024-10-28 13:48:48', 'Ukraine');
insert into attraction_clicks (attraction_click_id, click_counter, attraction_id, user_id, clicked_at, country) values (41, 0, '12', '11', '2025-01-25 18:59:24', 'China');
insert into attraction_clicks (attraction_click_id, click_counter, attraction_id, user_id, clicked_at, country) values (42, 14, '14', '21', '2024-12-17 21:19:21', 'Chad');
insert into attraction_clicks (attraction_click_id, click_counter, attraction_id, user_id, clicked_at, country) values (43, 14, '22', '10', '2025-06-26 16:18:10', 'Argentina');
insert into attraction_clicks (attraction_click_id, click_counter, attraction_id, user_id, clicked_at, country) values (44, 18, '30', '29', '2024-12-14 17:35:16', 'Brazil');
insert into attraction_clicks (attraction_click_id, click_counter, attraction_id, user_id, clicked_at, country) values (45, 14, '20', '20', '2025-06-21 13:40:21', 'China');
insert into attraction_clicks (attraction_click_id, click_counter, attraction_id, user_id, clicked_at, country) values (46, 43, '21', '22', '2025-08-06 18:23:00', 'Ethiopia');
insert into attraction_clicks (attraction_click_id, click_counter, attraction_id, user_id, clicked_at, country) values (47, 40, '35', '1', '2025-04-12 05:22:20', 'Poland');
insert into attraction_clicks (attraction_click_id, click_counter, attraction_id, user_id, clicked_at, country) values (48, 17, '37', '34', '2024-08-14 01:26:36', 'Portugal');
insert into attraction_clicks (attraction_click_id, click_counter, attraction_id, user_id, clicked_at, country) values (49, 49, '28', '15', '2025-05-13 15:18:08', 'Madagascar');
insert into attraction_clicks (attraction_click_id, click_counter, attraction_id, user_id, clicked_at, country) values (50, 14, '24', '3', '2025-06-14 10:02:49', 'Portugal');
insert into attraction_clicks (attraction_click_id, click_counter, attraction_id, user_id, clicked_at, country) values (51, 7, '38', '27', '2025-07-03 07:56:34', 'China');
insert into attraction_clicks (attraction_click_id, click_counter, attraction_id, user_id, clicked_at, country) values (52, 39, '10', '6', '2024-09-06 18:35:50', 'China');
insert into attraction_clicks (attraction_click_id, click_counter, attraction_id, user_id, clicked_at, country) values (53, 12, '34', '4', '2025-06-28 15:39:53', 'Iran');
insert into attraction_clicks (attraction_click_id, click_counter, attraction_id, user_id, clicked_at, country) values (54, 29, '3', '32', '2024-12-10 22:49:04', 'Sweden');
insert into attraction_clicks (attraction_click_id, click_counter, attraction_id, user_id, clicked_at, country) values (55, 36, '32', '2', '2024-12-28 16:23:36', 'Russia');
insert into attraction_clicks (attraction_click_id, click_counter, attraction_id, user_id, clicked_at, country) values (56, 2, '17', '18', '2025-03-17 20:09:32', 'Philippines');
insert into attraction_clicks (attraction_click_id, click_counter, attraction_id, user_id, clicked_at, country) values (57, 15, '9', '17', '2025-04-20 07:19:31', 'Vietnam');
insert into attraction_clicks (attraction_click_id, click_counter, attraction_id, user_id, clicked_at, country) values (58, 30, '2', '30', '2025-01-30 21:19:12', 'Peru');
insert into attraction_clicks (attraction_click_id, click_counter, attraction_id, user_id, clicked_at, country) values (59, 28, '40', '26', '2025-02-13 04:58:19', 'El Salvador');
insert into attraction_clicks (attraction_click_id, click_counter, attraction_id, user_id, clicked_at, country) values (60, 10, '11', '28', '2024-10-08 16:30:19', 'China');
insert into attraction_clicks (attraction_click_id, click_counter, attraction_id, user_id, clicked_at, country) values (61, 2, '4', '25', '2025-08-09 02:31:24', 'China');
insert into attraction_clicks (attraction_click_id, click_counter, attraction_id, user_id, clicked_at, country) values (62, 23, '13', '24', '2024-08-19 12:44:42', 'China');
insert into attraction_clicks (attraction_click_id, click_counter, attraction_id, user_id, clicked_at, country) values (63, 11, '27', '35', '2025-07-03 04:51:18', 'Indonesia');
insert into attraction_clicks (attraction_click_id, click_counter, attraction_id, user_id, clicked_at, country) values (64, 27, '26', '12', '2024-08-21 21:46:24', 'Greece');
insert into attraction_clicks (attraction_click_id, click_counter, attraction_id, user_id, clicked_at, country) values (65, 35, '33', '40', '2025-05-04 09:17:01', 'Kyrgyzstan');
insert into attraction_clicks (attraction_click_id, click_counter, attraction_id, user_id, clicked_at, country) values (66, 25, '7', '5', '2024-12-23 01:32:23', 'China');
insert into attraction_clicks (attraction_click_id, click_counter, attraction_id, user_id, clicked_at, country) values (67, 2, '6', '9', '2025-05-28 03:13:56', 'Czech Republic');
insert into attraction_clicks (attraction_click_id, click_counter, attraction_id, user_id, clicked_at, country) values (68, 0, '29', '16', '2025-04-26 05:25:22', 'Libya');
insert into attraction_clicks (attraction_click_id, click_counter, attraction_id, user_id, clicked_at, country) values (69, 19, '18', '8', '2025-02-24 02:02:48', 'France');
insert into attraction_clicks (attraction_click_id, click_counter, attraction_id, user_id, clicked_at, country) values (70, 49, '5', '39', '2025-01-24 21:23:50', 'France');
insert into attraction_clicks (attraction_click_id, click_counter, attraction_id, user_id, clicked_at, country) values (71, 49, '19', '33', '2025-05-28 14:11:33', 'Ukraine');
insert into attraction_clicks (attraction_click_id, click_counter, attraction_id, user_id, clicked_at, country) values (72, 29, '25', '23', '2025-01-17 04:43:09', 'China');
insert into attraction_clicks (attraction_click_id, click_counter, attraction_id, user_id, clicked_at, country) values (73, 36, '8', '7', '2025-04-21 22:22:20', 'Democratic Republic of the Congo');
insert into attraction_clicks (attraction_click_id, click_counter, attraction_id, user_id, clicked_at, country) values (74, 8, '1', '38', '2024-11-02 01:54:18', 'Ethiopia');
insert into attraction_clicks (attraction_click_id, click_counter, attraction_id, user_id, clicked_at, country) values (75, 10, '31', '13', '2024-09-28 01:48:42', 'Thailand');
insert into attraction_clicks (attraction_click_id, click_counter, attraction_id, user_id, clicked_at, country) values (76, 37, '36', '36', '2025-02-22 04:19:09', 'Azerbaijan');
insert into attraction_clicks (attraction_click_id, click_counter, attraction_id, user_id, clicked_at, country) values (77, 41, '16', '19', '2025-03-02 05:38:43', 'Kosovo');
insert into attraction_clicks (attraction_click_id, click_counter, attraction_id, user_id, clicked_at, country) values (78, 37, '39', '14', '2025-05-08 15:15:58', 'Brazil');
insert into attraction_clicks (attraction_click_id, click_counter, attraction_id, user_id, clicked_at, country) values (79, 2, '15', '37', '2024-09-13 00:09:32', 'Philippines');
insert into attraction_clicks (attraction_click_id, click_counter, attraction_id, user_id, clicked_at, country) values (80, 35, '23', '31', '2025-07-11 13:04:54', 'Thailand');
insert into attraction_clicks (attraction_click_id, click_counter, attraction_id, user_id, clicked_at, country) values (81, 8, '1', '20', '2025-08-12 21:16:48', 'Russia');
insert into attraction_clicks (attraction_click_id, click_counter, attraction_id, user_id, clicked_at, country) values (82, 18, '2', '26', '2024-08-28 06:35:05', 'Poland');
insert into attraction_clicks (attraction_click_id, click_counter, attraction_id, user_id, clicked_at, country) values (83, 13, '26', '12', '2025-03-04 23:27:55', 'France');
insert into attraction_clicks (attraction_click_id, click_counter, attraction_id, user_id, clicked_at, country) values (84, 10, '33', '7', '2024-09-29 05:34:08', 'Philippines');
insert into attraction_clicks (attraction_click_id, click_counter, attraction_id, user_id, clicked_at, country) values (85, 20, '12', '22', '2025-01-20 05:42:52', 'United States');
insert into attraction_clicks (attraction_click_id, click_counter, attraction_id, user_id, clicked_at, country) values (86, 38, '19', '38', '2025-05-17 23:50:25', 'Indonesia');
insert into attraction_clicks (attraction_click_id, click_counter, attraction_id, user_id, clicked_at, country) values (87, 41, '4', '34', '2025-05-04 22:28:43', 'Philippines');
insert into attraction_clicks (attraction_click_id, click_counter, attraction_id, user_id, clicked_at, country) values (88, 47, '15', '21', '2025-07-11 05:50:38', 'Indonesia');
insert into attraction_clicks (attraction_click_id, click_counter, attraction_id, user_id, clicked_at, country) values (89, 20, '22', '27', '2025-06-24 07:30:12', 'Uganda');
insert into attraction_clicks (attraction_click_id, click_counter, attraction_id, user_id, clicked_at, country) values (90, 7, '11', '6', '2025-07-28 02:53:17', 'Philippines');
insert into attraction_clicks (attraction_click_id, click_counter, attraction_id, user_id, clicked_at, country) values (91, 40, '31', '2', '2025-04-26 18:53:23', 'Portugal');
insert into attraction_clicks (attraction_click_id, click_counter, attraction_id, user_id, clicked_at, country) values (92, 25, '24', '16', '2025-01-21 23:44:38', 'Vietnam');
insert into attraction_clicks (attraction_click_id, click_counter, attraction_id, user_id, clicked_at, country) values (93, 44, '6', '35', '2025-04-10 00:41:21', 'Philippines');
insert into attraction_clicks (attraction_click_id, click_counter, attraction_id, user_id, clicked_at, country) values (94, 33, '8', '10', '2024-12-27 12:32:54', 'Italy');
insert into attraction_clicks (attraction_click_id, click_counter, attraction_id, user_id, clicked_at, country) values (95, 36, '27', '13', '2025-02-16 14:30:31', 'Russia');
insert into attraction_clicks (attraction_click_id, click_counter, attraction_id, user_id, clicked_at, country) values (96, 33, '20', '14', '2024-10-16 13:03:04', 'Albania');
insert into attraction_clicks (attraction_click_id, click_counter, attraction_id, user_id, clicked_at, country) values (97, 7, '14', '5', '2025-03-13 22:03:58', 'Honduras');
insert into attraction_clicks (attraction_click_id, click_counter, attraction_id, user_id, clicked_at, country) values (98, 31, '13', '37', '2025-01-01 23:41:55', 'China');
insert into attraction_clicks (attraction_click_id, click_counter, attraction_id, user_id, clicked_at, country) values (99, 45, '37', '29', '2024-12-03 22:58:35', 'Malaysia');
insert into attraction_clicks (attraction_click_id, click_counter, attraction_id, user_id, clicked_at, country) values (100, 28, '23', '36', '2025-08-01 09:03:17', 'Ukraine');


use getawayguru;

insert into restaurant_clicks (restaurant_click_id, restaurant_id, clicked_at, country, click_counter, user_id) values (1, '29', '2025-05-26 21:28:20', 'Poland', 25, '6');
insert into restaurant_clicks (restaurant_click_id, restaurant_id, clicked_at, country, click_counter, user_id) values (2, '6', '2024-12-03 20:42:31', 'United States', 40, '40');
insert into restaurant_clicks (restaurant_click_id, restaurant_id, clicked_at, country, click_counter, user_id) values (3, '3', '2025-08-05 03:27:15', 'Canada', 41, '12');
insert into restaurant_clicks (restaurant_click_id, restaurant_id, clicked_at, country, click_counter, user_id) values (4, '1', '2025-01-01 14:37:53', 'China', 46, '36');
insert into restaurant_clicks (restaurant_click_id, restaurant_id, clicked_at, country, click_counter, user_id) values (5, '35', '2024-10-26 09:13:18', 'Indonesia', 44, '37');
insert into restaurant_clicks (restaurant_click_id, restaurant_id, clicked_at, country, click_counter, user_id) values (6, '28', '2025-05-16 08:34:32', 'United States', 28, '22');
insert into restaurant_clicks (restaurant_click_id, restaurant_id, clicked_at, country, click_counter, user_id) values (7, '10', '2025-03-27 15:25:52', 'Peru', 23, '2');
insert into restaurant_clicks (restaurant_click_id, restaurant_id, clicked_at, country, click_counter, user_id) values (8, '11', '2024-11-30 10:50:23', 'Tajikistan', 34, '16');
insert into restaurant_clicks (restaurant_click_id, restaurant_id, clicked_at, country, click_counter, user_id) values (9, '13', '2025-01-26 18:12:19', 'Argentina', 4, '19');
insert into restaurant_clicks (restaurant_click_id, restaurant_id, clicked_at, country, click_counter, user_id) values (10, '14', '2025-01-12 03:03:08', 'Indonesia', 32, '33');
insert into restaurant_clicks (restaurant_click_id, restaurant_id, clicked_at, country, click_counter, user_id) values (11, '15', '2025-01-17 16:59:36', 'Indonesia', 23, '32');
insert into restaurant_clicks (restaurant_click_id, restaurant_id, clicked_at, country, click_counter, user_id) values (12, '5', '2025-02-25 22:47:07', 'Kenya', 37, '17');
insert into restaurant_clicks (restaurant_click_id, restaurant_id, clicked_at, country, click_counter, user_id) values (13, '31', '2025-07-31 06:11:01', 'Belarus', 29, '27');
insert into restaurant_clicks (restaurant_click_id, restaurant_id, clicked_at, country, click_counter, user_id) values (14, '23', '2025-02-15 19:27:50', 'China', 37, '24');
insert into restaurant_clicks (restaurant_click_id, restaurant_id, clicked_at, country, click_counter, user_id) values (15, '37', '2024-10-04 09:34:55', 'China', 35, '5');
insert into restaurant_clicks (restaurant_click_id, restaurant_id, clicked_at, country, click_counter, user_id) values (16, '7', '2025-07-11 22:56:00', 'Indonesia', 14, '35');
insert into restaurant_clicks (restaurant_click_id, restaurant_id, clicked_at, country, click_counter, user_id) values (17, '17', '2025-02-03 16:35:42', 'China', 14, '39');
insert into restaurant_clicks (restaurant_click_id, restaurant_id, clicked_at, country, click_counter, user_id) values (18, '24', '2025-02-23 21:08:29', 'Portugal', 37, '26');
insert into restaurant_clicks (restaurant_click_id, restaurant_id, clicked_at, country, click_counter, user_id) values (19, '34', '2025-06-10 00:20:55', 'Honduras', 10, '21');
insert into restaurant_clicks (restaurant_click_id, restaurant_id, clicked_at, country, click_counter, user_id) values (20, '12', '2025-04-07 23:37:13', 'Philippines', 24, '30');
insert into restaurant_clicks (restaurant_click_id, restaurant_id, clicked_at, country, click_counter, user_id) values (21, '36', '2025-03-27 05:59:57', 'China', 38, '10');
insert into restaurant_clicks (restaurant_click_id, restaurant_id, clicked_at, country, click_counter, user_id) values (22, '16', '2025-06-16 08:39:05', 'Palestinian Territory', 29, '13');
insert into restaurant_clicks (restaurant_click_id, restaurant_id, clicked_at, country, click_counter, user_id) values (23, '26', '2025-04-14 22:42:24', 'France', 9, '8');
insert into restaurant_clicks (restaurant_click_id, restaurant_id, clicked_at, country, click_counter, user_id) values (24, '38', '2025-04-03 22:56:43', 'Mexico', 6, '28');
insert into restaurant_clicks (restaurant_click_id, restaurant_id, clicked_at, country, click_counter, user_id) values (25, '18', '2025-07-25 21:44:58', 'Germany', 17, '7');
insert into restaurant_clicks (restaurant_click_id, restaurant_id, clicked_at, country, click_counter, user_id) values (26, '8', '2024-09-14 21:02:13', 'China', 7, '31');
insert into restaurant_clicks (restaurant_click_id, restaurant_id, clicked_at, country, click_counter, user_id) values (27, '21', '2025-07-02 07:55:57', 'Indonesia', 14, '14');
insert into restaurant_clicks (restaurant_click_id, restaurant_id, clicked_at, country, click_counter, user_id) values (28, '22', '2025-05-09 14:53:00', 'Greece', 25, '11');
insert into restaurant_clicks (restaurant_click_id, restaurant_id, clicked_at, country, click_counter, user_id) values (29, '33', '2025-08-08 01:04:48', 'Russia', 7, '9');
insert into restaurant_clicks (restaurant_click_id, restaurant_id, clicked_at, country, click_counter, user_id) values (30, '4', '2025-04-06 12:09:47', 'Honduras', 44, '18');
insert into restaurant_clicks (restaurant_click_id, restaurant_id, clicked_at, country, click_counter, user_id) values (31, '27', '2024-11-16 02:40:20', 'France', 14, '3');
insert into restaurant_clicks (restaurant_click_id, restaurant_id, clicked_at, country, click_counter, user_id) values (32, '32', '2024-10-21 03:45:57', 'Portugal', 50, '25');
insert into restaurant_clicks (restaurant_click_id, restaurant_id, clicked_at, country, click_counter, user_id) values (33, '9', '2025-01-06 08:22:08', 'Russia', 29, '15');
insert into restaurant_clicks (restaurant_click_id, restaurant_id, clicked_at, country, click_counter, user_id) values (34, '25', '2024-11-05 22:41:07', 'Honduras', 43, '1');
insert into restaurant_clicks (restaurant_click_id, restaurant_id, clicked_at, country, click_counter, user_id) values (35, '39', '2025-01-12 05:38:18', 'Portugal', 5, '23');
insert into restaurant_clicks (restaurant_click_id, restaurant_id, clicked_at, country, click_counter, user_id) values (36, '40', '2024-12-04 10:41:47', 'Micronesia', 15, '38');
insert into restaurant_clicks (restaurant_click_id, restaurant_id, clicked_at, country, click_counter, user_id) values (37, '2', '2025-04-13 22:06:05', 'Peru', 37, '4');
insert into restaurant_clicks (restaurant_click_id, restaurant_id, clicked_at, country, click_counter, user_id) values (38, '20', '2024-10-05 06:55:28', 'China', 33, '29');
insert into restaurant_clicks (restaurant_click_id, restaurant_id, clicked_at, country, click_counter, user_id) values (39, '30', '2025-06-15 09:21:18', 'Spain', 41, '34');
insert into restaurant_clicks (restaurant_click_id, restaurant_id, clicked_at, country, click_counter, user_id) values (40, '19', '2024-09-08 16:16:47', 'Philippines', 48, '20');
insert into restaurant_clicks (restaurant_click_id, restaurant_id, clicked_at, country, click_counter, user_id) values (41, '33', '2024-09-06 02:10:56', 'China', 5, '9');
insert into restaurant_clicks (restaurant_click_id, restaurant_id, clicked_at, country, click_counter, user_id) values (42, '21', '2024-08-25 08:10:23', 'Portugal', 9, '29');
insert into restaurant_clicks (restaurant_click_id, restaurant_id, clicked_at, country, click_counter, user_id) values (43, '30', '2025-05-26 07:56:35', 'Honduras', 39, '6');
insert into restaurant_clicks (restaurant_click_id, restaurant_id, clicked_at, country, click_counter, user_id) values (44, '29', '2025-01-30 15:48:12', 'Sweden', 23, '35');
insert into restaurant_clicks (restaurant_click_id, restaurant_id, clicked_at, country, click_counter, user_id) values (45, '3', '2024-11-09 03:50:35', 'Philippines', 8, '10');
insert into restaurant_clicks (restaurant_click_id, restaurant_id, clicked_at, country, click_counter, user_id) values (46, '22', '2025-06-21 14:55:48', 'Argentina', 11, '21');
insert into restaurant_clicks (restaurant_click_id, restaurant_id, clicked_at, country, click_counter, user_id) values (47, '20', '2025-08-08 08:45:26', 'Panama', 11, '37');
insert into restaurant_clicks (restaurant_click_id, restaurant_id, clicked_at, country, click_counter, user_id) values (48, '2', '2025-07-11 18:03:01', 'United Kingdom', 36, '17');
insert into restaurant_clicks (restaurant_click_id, restaurant_id, clicked_at, country, click_counter, user_id) values (49, '16', '2024-10-22 01:51:50', 'Indonesia', 37, '18');
insert into restaurant_clicks (restaurant_click_id, restaurant_id, clicked_at, country, click_counter, user_id) values (50, '9', '2025-07-11 00:41:24', 'Czech Republic', 8, '28');
insert into restaurant_clicks (restaurant_click_id, restaurant_id, clicked_at, country, click_counter, user_id) values (51, '15', '2025-01-16 01:53:14', 'France', 29, '19');
insert into restaurant_clicks (restaurant_click_id, restaurant_id, clicked_at, country, click_counter, user_id) values (52, '38', '2024-11-05 03:20:20', 'Ireland', 10, '38');
insert into restaurant_clicks (restaurant_click_id, restaurant_id, clicked_at, country, click_counter, user_id) values (53, '11', '2024-09-02 02:59:39', 'Philippines', 47, '7');
insert into restaurant_clicks (restaurant_click_id, restaurant_id, clicked_at, country, click_counter, user_id) values (54, '32', '2025-07-24 07:34:10', 'Malaysia', 22, '36');
insert into restaurant_clicks (restaurant_click_id, restaurant_id, clicked_at, country, click_counter, user_id) values (55, '34', '2025-03-13 16:57:17', 'China', 37, '25');
insert into restaurant_clicks (restaurant_click_id, restaurant_id, clicked_at, country, click_counter, user_id) values (56, '8', '2024-12-19 05:34:09', 'Philippines', 12, '2');
insert into restaurant_clicks (restaurant_click_id, restaurant_id, clicked_at, country, click_counter, user_id) values (57, '31', '2025-07-24 16:13:05', 'Armenia', 10, '5');
insert into restaurant_clicks (restaurant_click_id, restaurant_id, clicked_at, country, click_counter, user_id) values (58, '12', '2025-03-14 18:15:16', 'Poland', 46, '12');
insert into restaurant_clicks (restaurant_click_id, restaurant_id, clicked_at, country, click_counter, user_id) values (59, '28', '2025-08-05 19:16:40', 'Indonesia', 17, '27');
insert into restaurant_clicks (restaurant_click_id, restaurant_id, clicked_at, country, click_counter, user_id) values (60, '5', '2024-10-27 22:49:16', 'Indonesia', 35, '30');
insert into restaurant_clicks (restaurant_click_id, restaurant_id, clicked_at, country, click_counter, user_id) values (61, '35', '2024-09-11 18:33:03', 'Portugal', 28, '11');
insert into restaurant_clicks (restaurant_click_id, restaurant_id, clicked_at, country, click_counter, user_id) values (62, '19', '2024-08-20 22:03:12', 'Ghana', 49, '4');
insert into restaurant_clicks (restaurant_click_id, restaurant_id, clicked_at, country, click_counter, user_id) values (63, '7', '2024-08-30 18:06:42', 'Indonesia', 15, '32');
insert into restaurant_clicks (restaurant_click_id, restaurant_id, clicked_at, country, click_counter, user_id) values (64, '6', '2024-12-14 08:43:41', 'Brazil', 42, '20');
insert into restaurant_clicks (restaurant_click_id, restaurant_id, clicked_at, country, click_counter, user_id) values (65, '25', '2024-12-17 20:01:49', 'Lithuania', 32, '8');
insert into restaurant_clicks (restaurant_click_id, restaurant_id, clicked_at, country, click_counter, user_id) values (66, '14', '2025-03-21 15:17:36', 'Macedonia', 36, '34');
insert into restaurant_clicks (restaurant_click_id, restaurant_id, clicked_at, country, click_counter, user_id) values (67, '4', '2025-07-08 20:30:52', 'Tanzania', 41, '33');
insert into restaurant_clicks (restaurant_click_id, restaurant_id, clicked_at, country, click_counter, user_id) values (68, '1', '2024-09-05 06:03:51', 'Peru', 12, '31');
insert into restaurant_clicks (restaurant_click_id, restaurant_id, clicked_at, country, click_counter, user_id) values (69, '13', '2025-07-02 04:32:31', 'Indonesia', 2, '1');
insert into restaurant_clicks (restaurant_click_id, restaurant_id, clicked_at, country, click_counter, user_id) values (70, '17', '2025-04-08 05:56:53', 'China', 7, '23');
insert into restaurant_clicks (restaurant_click_id, restaurant_id, clicked_at, country, click_counter, user_id) values (71, '10', '2025-04-28 04:23:24', 'Nigeria', 7, '15');
insert into restaurant_clicks (restaurant_click_id, restaurant_id, clicked_at, country, click_counter, user_id) values (72, '37', '2025-03-11 11:08:37', 'Spain', 10, '13');
insert into restaurant_clicks (restaurant_click_id, restaurant_id, clicked_at, country, click_counter, user_id) values (73, '26', '2025-07-22 07:24:49', 'Chile', 38, '16');
insert into restaurant_clicks (restaurant_click_id, restaurant_id, clicked_at, country, click_counter, user_id) values (74, '36', '2025-01-22 06:11:43', 'Angola', 9, '39');
insert into restaurant_clicks (restaurant_click_id, restaurant_id, clicked_at, country, click_counter, user_id) values (75, '18', '2025-04-02 12:26:04', 'Philippines', 36, '22');
insert into restaurant_clicks (restaurant_click_id, restaurant_id, clicked_at, country, click_counter, user_id) values (76, '24', '2025-03-08 14:19:53', 'Saint Lucia', 36, '24');
insert into restaurant_clicks (restaurant_click_id, restaurant_id, clicked_at, country, click_counter, user_id) values (77, '39', '2025-01-28 19:00:41', 'Indonesia', 9, '40');
insert into restaurant_clicks (restaurant_click_id, restaurant_id, clicked_at, country, click_counter, user_id) values (78, '40', '2025-08-10 15:44:33', 'China', 17, '14');
insert into restaurant_clicks (restaurant_click_id, restaurant_id, clicked_at, country, click_counter, user_id) values (79, '27', '2025-01-18 03:17:12', 'Japan', 47, '3');
insert into restaurant_clicks (restaurant_click_id, restaurant_id, clicked_at, country, click_counter, user_id) values (80, '23', '2025-03-15 17:51:33', 'Argentina', 25, '26');
insert into restaurant_clicks (restaurant_click_id, restaurant_id, clicked_at, country, click_counter, user_id) values (81, '33', '2024-09-08 11:35:26', 'Indonesia', 34, '14');
insert into restaurant_clicks (restaurant_click_id, restaurant_id, clicked_at, country, click_counter, user_id) values (82, '20', '2025-08-08 18:54:22', 'Afghanistan', 25, '9');
insert into restaurant_clicks (restaurant_click_id, restaurant_id, clicked_at, country, click_counter, user_id) values (83, '22', '2024-08-23 11:00:53', 'China', 45, '6');
insert into restaurant_clicks (restaurant_click_id, restaurant_id, clicked_at, country, click_counter, user_id) values (84, '18', '2025-02-18 06:19:33', 'Philippines', 27, '34');
insert into restaurant_clicks (restaurant_click_id, restaurant_id, clicked_at, country, click_counter, user_id) values (85, '19', '2024-08-13 02:38:59', 'Brazil', 40, '29');
insert into restaurant_clicks (restaurant_click_id, restaurant_id, clicked_at, country, click_counter, user_id) values (86, '8', '2024-09-14 00:58:24', 'China', 47, '22');
insert into restaurant_clicks (restaurant_click_id, restaurant_id, clicked_at, country, click_counter, user_id) values (87, '21', '2024-10-11 12:33:00', 'South Africa', 39, '21');
insert into restaurant_clicks (restaurant_click_id, restaurant_id, clicked_at, country, click_counter, user_id) values (88, '26', '2025-03-26 20:19:47', 'Czech Republic', 0, '30');
insert into restaurant_clicks (restaurant_click_id, restaurant_id, clicked_at, country, click_counter, user_id) values (89, '27', '2025-07-23 07:02:33', 'Russia', 47, '32');
insert into restaurant_clicks (restaurant_click_id, restaurant_id, clicked_at, country, click_counter, user_id) values (90, '11', '2025-06-13 04:18:25', 'Serbia', 2, '2');
insert into restaurant_clicks (restaurant_click_id, restaurant_id, clicked_at, country, click_counter, user_id) values (91, '3', '2024-12-29 19:35:08', 'China', 12, '40');
insert into restaurant_clicks (restaurant_click_id, restaurant_id, clicked_at, country, click_counter, user_id) values (92, '14', '2025-05-06 22:42:49', 'Indonesia', 0, '1');
insert into restaurant_clicks (restaurant_click_id, restaurant_id, clicked_at, country, click_counter, user_id) values (93, '30', '2025-04-07 09:04:09', 'China', 13, '13');
insert into restaurant_clicks (restaurant_click_id, restaurant_id, clicked_at, country, click_counter, user_id) values (94, '15', '2025-05-22 02:08:15', 'China', 19, '12');
insert into restaurant_clicks (restaurant_click_id, restaurant_id, clicked_at, country, click_counter, user_id) values (95, '10', '2025-01-24 20:10:06', 'Croatia', 28, '35');
insert into restaurant_clicks (restaurant_click_id, restaurant_id, clicked_at, country, click_counter, user_id) values (96, '12', '2024-09-08 17:36:55', 'France', 49, '26');
insert into restaurant_clicks (restaurant_click_id, restaurant_id, clicked_at, country, click_counter, user_id) values (97, '31', '2024-11-22 01:17:50', 'Serbia', 6, '31');
insert into restaurant_clicks (restaurant_click_id, restaurant_id, clicked_at, country, click_counter, user_id) values (98, '28', '2024-08-13 11:41:02', 'Mexico', 47, '11');
insert into restaurant_clicks (restaurant_click_id, restaurant_id, clicked_at, country, click_counter, user_id) values (99, '37', '2024-10-10 13:14:19', 'Indonesia', 40, '4');
insert into restaurant_clicks (restaurant_click_id, restaurant_id, clicked_at, country, click_counter, user_id) values (100, '7', '2025-03-13 08:04:52', 'France', 34, '38');
