use getawayguru;

insert into users (id, email, address, username) values (1, 'abradtke0@buzzfeed.com', '3 8th Hill', 'fblamire0');
insert into users (id, email, address, username) values (2, 'vdoerrling1@berkeley.edu', '7 Claremont Junction', 'kbuckwell1');
insert into users (id, email, address, username) values (3, 'rcrier2@usgs.gov', '03979 Vidon Road', 'ccanelas2');
insert into users (id, email, address, username) values (4, 'cgullen3@cafepress.com', '64498 Clyde Gallagher Point', 'clight3');
insert into users (id, email, address, username) values (5, 'gwensley4@sakura.ne.jp', '33 Ramsey Parkway', 'llowery4');
insert into users (id, email, address, username) values (6, 'flegrave5@tmall.com', '62668 Westridge Alley', 'ayielding5');
insert into users (id, email, address, username) values (7, 'jlangthorn6@plala.or.jp', '8442 Talmadge Place', 'sglendenning6');
insert into users (id, email, address, username) values (8, 'kniles7@jiathis.com', '74433 Bluejay Plaza', 'sstandish7');
insert into users (id, email, address, username) values (9, 'mgapper8@cyberchimps.com', '1275 Declaration Street', 'rserver8');
insert into users (id, email, address, username) values (10, 'afausch9@stanford.edu', '066 Spenser Alley', 'wburdin9');
insert into users (id, email, address, username) values (11, 'sperilloa@t-online.de', '0485 Pankratz Plaza', 'gnewmana');
insert into users (id, email, address, username) values (12, 'afennellb@desdev.cn', '10320 Elka Lane', 'mwhithamb');
insert into users (id, email, address, username) values (13, 'jfortunc@berkeley.edu', '61 Kinsman Crossing', 'mtwiggec');
insert into users (id, email, address, username) values (14, 'kyoungd@pinterest.com', '70507 Dwight Plaza', 'gfewkesd');
insert into users (id, email, address, username) values (15, 'ghuckelle@163.com', '72 Mallory Plaza', 'nrajcherte');
insert into users (id, email, address, username) values (16, 'cvamplewf@miitbeian.gov.cn', '11 Golf Place', 'gansillf');
insert into users (id, email, address, username) values (17, 'lmorriceg@diigo.com', '29 Northridge Crossing', 'vshyreg');
insert into users (id, email, address, username) values (18, 'agilhamh@cpanel.net', '970 Tony Circle', 'dlaurentinh');
insert into users (id, email, address, username) values (19, 'jyackiminiei@fc2.com', '857 Sherman Park', 'jgutowskai');
insert into users (id, email, address, username) values (20, 'nsallaj@google.de', '631 Warrior Street', 'mmonteauxj');
insert into users (id, email, address, username) values (21, 'lpigneyk@weibo.com', '9 Algoma Crossing', 'hshiersk');
insert into users (id, email, address, username) values (22, 'cjindacekl@unblog.fr', '68 School Point', 'cilchenkol');
insert into users (id, email, address, username) values (23, 'ssowtem@tinyurl.com', '2 Shasta Place', 'hkubesm');
insert into users (id, email, address, username) values (24, 'fbowern@nytimes.com', '818 Paget Point', 'qfullwoodn');
insert into users (id, email, address, username) values (25, 'enatono@weebly.com', '34432 Bunting Parkway', 'afrankowskio');
insert into users (id, email, address, username) values (26, 'rbalmap@linkedin.com', '6938 Ridge Oak Court', 'tkisbeep');
insert into users (id, email, address, username) values (27, 'cwakenshawq@wired.com', '3958 5th Pass', 'dmcanellyeq');
insert into users (id, email, address, username) values (28, 'rvarlowr@dmoz.org', '7 Utah Court', 'bengehamr');
insert into users (id, email, address, username) values (29, 'bcopnars@google.es', '6177 Kennedy Way', 'ldrances');
insert into users (id, email, address, username) values (30, 'vsandryt@ezinearticles.com', '2653 Amoth Plaza', 'nmcguinesst');
insert into users (id, email, address, username) values (31, 'gsulmanu@arstechnica.com', '92710 Mccormick Center', 'bdowderswellu');
insert into users (id, email, address, username) values (32, 'cmartinatv@plala.or.jp', '8 Del Mar Center', 'cdeathridgev');
insert into users (id, email, address, username) values (33, 'rglasonw@prweb.com', '213 Dennis Point', 'rmattinw');
insert into users (id, email, address, username) values (34, 'rcokaynex@imdb.com', '14106 Debra Court', 'bgarrawayx');
insert into users (id, email, address, username) values (35, 'dcorrisony@wired.com', '48 Thierer Parkway', 'ggutansy');
insert into users (id, email, address, username) values (36, 'hrosenbergz@google.cn', '8 Donald Drive', 'ygiacopeloz');
insert into users (id, email, address, username) values (37, 'gwinkle10@economist.com', '73509 Scoville Plaza', 'cbudibent10');
insert into users (id, email, address, username) values (38, 'bdurnford11@webs.com', '1 Vera Street', 'srawood11');
insert into users (id, email, address, username) values (39, 'cnerval12@businesswire.com', '008 Artisan Crossing', 'abeames12');
insert into users (id, email, address, username) values (40, 'ucharsley13@ustream.tv', '59 Schurz Trail', 'cbodycomb13');

use getawayguru;

insert into employee (id, email, first_name, last_name) values (1, 'brudsdell0@springer.com', 'Bill', 'Rudsdell');
insert into employee (id, email, first_name, last_name) values (2, 'tguidoni1@g.co', 'Tamqrah', 'Guidoni');
insert into employee (id, email, first_name, last_name) values (3, 'kguitonneau2@pen.io', 'Kathleen', 'Guitonneau');
insert into employee (id, email, first_name, last_name) values (4, 'pgrennan3@jalbum.net', 'Pam', 'Grennan');
insert into employee (id, email, first_name, last_name) values (5, 'ashervington4@irs.gov', 'Alameda', 'Shervington');
insert into employee (id, email, first_name, last_name) values (6, 'bricht5@google.co.jp', 'Brandyn', 'Richt');
insert into employee (id, email, first_name, last_name) values (7, 'ahamon6@upenn.edu', 'Annemarie', 'Hamon');
insert into employee (id, email, first_name, last_name) values (8, 'tbartusek7@wordpress.com', 'Tadd', 'Bartusek');
insert into employee (id, email, first_name, last_name) values (9, 'gtreneman8@cocolog-nifty.com', 'Garrett', 'Treneman');
insert into employee (id, email, first_name, last_name) values (10, 'abraxay9@dmoz.org', 'August', 'Braxay');
insert into employee (id, email, first_name, last_name) values (11, 'ghallasa@wp.com', 'Glenda', 'Hallas');
insert into employee (id, email, first_name, last_name) values (12, 'wwillimentb@flavors.me', 'Winny', 'Williment');
insert into employee (id, email, first_name, last_name) values (13, 'hperrygoc@nsw.gov.au', 'Hagan', 'Perrygo');
insert into employee (id, email, first_name, last_name) values (14, 'bormistoned@scribd.com', 'Bernard', 'Ormistone');
insert into employee (id, email, first_name, last_name) values (15, 'jkermitte@seattletimes.com', 'Jayson', 'Kermitt');
insert into employee (id, email, first_name, last_name) values (16, 'agrimsleyf@skype.com', 'Artemus', 'Grimsley');
insert into employee (id, email, first_name, last_name) values (17, 'blevettg@alibaba.com', 'Bunny', 'Levett');
insert into employee (id, email, first_name, last_name) values (18, 'gkilrowh@shop-pro.jp', 'Gusta', 'Kilrow');
insert into employee (id, email, first_name, last_name) values (19, 'ehagertyi@prnewswire.com', 'Ermentrude', 'Hagerty');
insert into employee (id, email, first_name, last_name) values (20, 'lstaffordj@fastcompany.com', 'Lionel', 'Stafford');
insert into employee (id, email, first_name, last_name) values (21, 'rparnellk@yelp.com', 'Roseline', 'Parnell');
insert into employee (id, email, first_name, last_name) values (22, 'lsalzbergerl@buzzfeed.com', 'Lilyan', 'Salzberger');
insert into employee (id, email, first_name, last_name) values (23, 'jgrewem@cyberchimps.com', 'Jaymie', 'Grewe');
insert into employee (id, email, first_name, last_name) values (24, 'asinclairn@howstuffworks.com', 'Aliza', 'Sinclair');
insert into employee (id, email, first_name, last_name) values (25, 'jbateyo@shutterfly.com', 'Jilly', 'Batey');
insert into employee (id, email, first_name, last_name) values (26, 'sdalglieshp@mozilla.org', 'Shel', 'Dalgliesh');
insert into employee (id, email, first_name, last_name) values (27, 'cpartrickq@illinois.edu', 'Celina', 'Partrick');
insert into employee (id, email, first_name, last_name) values (28, 'vbernardyr@lycos.com', 'Victor', 'Bernardy');
insert into employee (id, email, first_name, last_name) values (29, 'cailmers@engadget.com', 'Charla', 'Ailmer');
insert into employee (id, email, first_name, last_name) values (30, 'fazamt@slideshare.net', 'Francis', 'Azam');
insert into employee (id, email, first_name, last_name) values (31, 'ralesu@unc.edu', 'Rennie', 'Ales');
insert into employee (id, email, first_name, last_name) values (32, 'abickstethv@npr.org', 'Ash', 'Bicksteth');
insert into employee (id, email, first_name, last_name) values (33, 'mseabrightw@indiatimes.com', 'Meghan', 'Seabright');
insert into employee (id, email, first_name, last_name) values (34, 'rfeldhuhnx@msu.edu', 'Rhett', 'Feldhuhn');
insert into employee (id, email, first_name, last_name) values (35, 'rdohry@engadget.com', 'Robby', 'Dohr');
insert into employee (id, email, first_name, last_name) values (36, 'tmctrustriez@sohu.com', 'Thomas', 'McTrustrie');
insert into employee (id, email, first_name, last_name) values (37, 'plobley10@gov.uk', 'Philip', 'Lobley');
insert into employee (id, email, first_name, last_name) values (38, 'sspilstead11@merriam-webster.com', 'Sax', 'Spilstead');
insert into employee (id, email, first_name, last_name) values (39, 'mmcnay12@simplemachines.org', 'Meriel', 'McNay');
insert into employee (id, email, first_name, last_name) values (40, 'awillimot13@ocn.ne.jp', 'Ara', 'Willimot');

use getawayguru;

insert into city (id, country, rating, name) values (1, 'Indonesia', 0, 'Ciheras');
insert into city (id, country, rating, name) values (2, 'Philippines', 2, 'Jaguimitan');
insert into city (id, country, rating, name) values (3, 'Indonesia', 3, 'Kampungtengah');
insert into city (id, country, rating, name) values (4, 'Brazil', 7, 'Guaratinguetá');
insert into city (id, country, rating, name) values (5, 'China', 4, 'Pengfang');
insert into city (id, country, rating, name) values (6, 'China', 4, 'Jinlong');
insert into city (id, country, rating, name) values (7, 'United States', 6, 'Clearwater');
insert into city (id, country, rating, name) values (8, 'China', 2, 'Yangzhen');
insert into city (id, country, rating, name) values (9, 'Tajikistan', 0, 'Danghara');
insert into city (id, country, rating, name) values (10, 'Venezuela', 0, 'Baruta');
insert into city (id, country, rating, name) values (11, 'Portugal', 1, 'Santa Cristina Couto');
insert into city (id, country, rating, name) values (12, 'Ukraine', 4, 'Spas');
insert into city (id, country, rating, name) values (13, 'China', 7, 'Yuewan');
insert into city (id, country, rating, name) values (14, 'Palestinian Territory', 2, 'Al Buq‘ah');
insert into city (id, country, rating, name) values (15, 'Zambia', 6, 'Kasama');
insert into city (id, country, rating, name) values (16, 'Poland', 6, 'Dłutów');
insert into city (id, country, rating, name) values (17, 'Portugal', 10, 'Galamares');
insert into city (id, country, rating, name) values (18, 'New Zealand', 0, 'Wellington');
insert into city (id, country, rating, name) values (19, 'Uzbekistan', 1, 'Yangirabot');
insert into city (id, country, rating, name) values (20, 'Portugal', 9, 'Veiga');
insert into city (id, country, rating, name) values (21, 'Russia', 9, 'Bastan');
insert into city (id, country, rating, name) values (22, 'Kazakhstan', 2, 'Kyzylorda');
insert into city (id, country, rating, name) values (23, 'Peru', 7, 'Ramón Castilla');
insert into city (id, country, rating, name) values (24, 'Argentina', 2, 'San Antonio');
insert into city (id, country, rating, name) values (25, 'Isle of Man', 8, 'Port Erin');
insert into city (id, country, rating, name) values (26, 'Philippines', 10, 'Mungo');
insert into city (id, country, rating, name) values (27, 'Portugal', 9, 'Boucinha');
insert into city (id, country, rating, name) values (28, 'China', 7, 'Libao');
insert into city (id, country, rating, name) values (29, 'China', 3, 'Shuangxi');
insert into city (id, country, rating, name) values (30, 'China', 9, 'Hohhot');
insert into city (id, country, rating, name) values (31, 'Central African Republic', 5, 'Bouca');
insert into city (id, country, rating, name) values (32, 'Canada', 5, 'Two Hills');
insert into city (id, country, rating, name) values (33, 'Israel', 2, 'Kfar NaOranim');
insert into city (id, country, rating, name) values (34, 'Philippines', 9, 'Basey');
insert into city (id, country, rating, name) values (35, 'Lithuania', 1, 'Prienai');
insert into city (id, country, rating, name) values (36, 'Uruguay', 2, 'Sauce');
insert into city (id, country, rating, name) values (37, 'Israel', 8, 'Maghār');
insert into city (id, country, rating, name) values (38, 'China', 0, 'Wanglinkou');
insert into city (id, country, rating, name) values (39, 'Brazil', 1, 'Cruzeiro');
insert into city (id, country, rating, name) values (40, 'Philippines', 5, 'Estaca');

use getawayguru;

insert into marketing_campaign (id, name, employee_id) values (1, 'Labor Day Savings Event', '28');
insert into marketing_campaign (id, name, employee_id) values (2, 'Memorial Day Blowout', '26');
insert into marketing_campaign (id, name, employee_id) values (3, 'Wedding Season Deals', '1');
insert into marketing_campaign (id, name, employee_id) values (4, 'Easter Eggstravaganza', '11');
insert into marketing_campaign (id, name, employee_id) values (5, 'Baby Shower Bonanza', '34');
insert into marketing_campaign (id, name, employee_id) values (6, 'Wellness Wednesday Specials', '36');
insert into marketing_campaign (id, name, employee_id) values (7, 'Valentine''s Day Love Fest', '40');
insert into marketing_campaign (id, name, employee_id) values (8, 'Wedding Season Deals', '9');
insert into marketing_campaign (id, name, employee_id) values (9, 'Music Mania Madness', '2');
insert into marketing_campaign (id, name, employee_id) values (10, 'Winter Wonderland Sale', '19');
insert into marketing_campaign (id, name, employee_id) values (11, 'Summer Sale 2021', '5');
insert into marketing_campaign (id, name, employee_id) values (12, 'Mother''s Day Pampering', '22');
insert into marketing_campaign (id, name, employee_id) values (13, 'New Year New You', '24');
insert into marketing_campaign (id, name, employee_id) values (14, 'Spring Cleaning Special', '20');
insert into marketing_campaign (id, name, employee_id) values (15, 'Summer Sale 2021', '32');
insert into marketing_campaign (id, name, employee_id) values (16, 'Memorial Day Blowout', '13');
insert into marketing_campaign (id, name, employee_id) values (17, 'Tech Tuesday Deals', '17');
insert into marketing_campaign (id, name, employee_id) values (18, 'Labor Day Savings Event', '38');
insert into marketing_campaign (id, name, employee_id) values (19, 'Back to School Promo', '35');
insert into marketing_campaign (id, name, employee_id) values (20, 'Art Appreciation Week', '39');
insert into marketing_campaign (id, name, employee_id) values (21, 'Throwback Thursday Flashbacks', '18');
insert into marketing_campaign (id, name, employee_id) values (22, 'Memorial Day Blowout', '14');
insert into marketing_campaign (id, name, employee_id) values (23, 'Independence Day Celebration', '4');
insert into marketing_campaign (id, name, employee_id) values (24, 'Customer Appreciation Week', '30');
insert into marketing_campaign (id, name, employee_id) values (25, 'Mother''s Day Pampering', '6');
insert into marketing_campaign (id, name, employee_id) values (26, 'Tech Tuesday Deals', '33');
insert into marketing_campaign (id, name, employee_id) values (27, 'Valentine''s Day Love Fest', '12');
insert into marketing_campaign (id, name, employee_id) values (28, 'Back to School Promo', '16');
insert into marketing_campaign (id, name, employee_id) values (29, 'Fall Fashion Launch', '27');
insert into marketing_campaign (id, name, employee_id) values (30, 'Music Mania Madness', '15');
insert into marketing_campaign (id, name, employee_id) values (31, 'Spring Cleaning Special', '21');
insert into marketing_campaign (id, name, employee_id) values (32, 'Halloween Spooktacular', '10');
insert into marketing_campaign (id, name, employee_id) values (33, 'Mother''s Day Pampering', '37');
insert into marketing_campaign (id, name, employee_id) values (34, 'Wedding Season Deals', '3');
insert into marketing_campaign (id, name, employee_id) values (35, 'Art Appreciation Week', '7');
insert into marketing_campaign (id, name, employee_id) values (36, 'Music Mania Madness', '29');
insert into marketing_campaign (id, name, employee_id) values (37, 'Tech Tuesday Deals', '31');
insert into marketing_campaign (id, name, employee_id) values (38, 'Halloween Spooktacular', '25');
insert into marketing_campaign (id, name, employee_id) values (39, 'Gaming Galore Bonanza', '23');
insert into marketing_campaign (id, name, employee_id) values (40, 'Winter Wonderland Sale', '8');

use getawayguru;

insert into trip (id, start_date, end_date, group_size, name, hotel_budget, flight_budget, user_id, city_id, attraction_budget, restaurant_budget, budget, num_of_nights, city_name) values (1, '2025-02-16 14:29:44', '2025-09-10 10:44:18', 19, 'Expanded', 316.21, 1612.28, '33', '1', 57.06, 368.21, 2353.76, 6, 'Stockholm');
insert into trip (id, start_date, end_date, group_size, name, hotel_budget, flight_budget, user_id, city_id, attraction_budget, restaurant_budget, budget, num_of_nights, city_name) values (2, '2025-04-13 05:31:06', '2025-11-27 23:38:07', 17, 'national', 2421.22, 2026.52, '8', '13', 2496.45, 1650.77, 8594.96, 18, 'Trenggulunan');
insert into trip (id, start_date, end_date, group_size, name, hotel_budget, flight_budget, user_id, city_id, attraction_budget, restaurant_budget, budget, num_of_nights, city_name) values (3, '2026-01-31 08:07:20', '2025-09-16 11:16:51', 2, 'zero defect', 1118.64, 1037.92, '14', '31', 296.06, 1924.01, 4376.63, 3, 'Payao');
insert into trip (id, start_date, end_date, group_size, name, hotel_budget, flight_budget, user_id, city_id, attraction_budget, restaurant_budget, budget, num_of_nights, city_name) values (4, '2025-03-25 00:56:47', '2025-12-18 19:12:35', 17, 'Re-engineered', 3.59, 2300.61, '28', '28', 547.57, 348.5, 3200.27, 12, 'Baishan');
insert into trip (id, start_date, end_date, group_size, name, hotel_budget, flight_budget, user_id, city_id, attraction_budget, restaurant_budget, budget, num_of_nights, city_name) values (5, '2025-02-04 18:42:51', '2025-09-28 20:18:18', 2, 'Fully-configurable', 12.95, 168.04, '24', '26', 1284.76, 925.7, 2391.45, 11, 'Poroçan');
insert into trip (id, start_date, end_date, group_size, name, hotel_budget, flight_budget, user_id, city_id, attraction_budget, restaurant_budget, budget, num_of_nights, city_name) values (6, '2025-01-22 06:16:44', '2025-09-01 12:59:09', 18, 'Open-source', 187.62, 2052.68, '1', '23', 113.63, 370.11, 2724.04, 1, 'Krajan Pocangan');
insert into trip (id, start_date, end_date, group_size, name, hotel_budget, flight_budget, user_id, city_id, attraction_budget, restaurant_budget, budget, num_of_nights, city_name) values (7, '2025-11-02 21:21:34', '2025-08-10 12:43:18', 9, 'local', 1527.2, 1647.12, '16', '34', 2052.75, 1625.43, 6852.5, 20, 'San José');
insert into trip (id, start_date, end_date, group_size, name, hotel_budget, flight_budget, user_id, city_id, attraction_budget, restaurant_budget, budget, num_of_nights, city_name) values (8, '2025-04-10 17:54:09', '2025-11-08 08:52:22', 3, 'Customizable', 1943.81, 1908.57, '18', '30', 262.63, 783.0, 4898.01, 9, 'Begowāla');
insert into trip (id, start_date, end_date, group_size, name, hotel_budget, flight_budget, user_id, city_id, attraction_budget, restaurant_budget, budget, num_of_nights, city_name) values (9, '2025-02-01 14:23:42', '2025-09-12 12:58:04', 9, 'Re-contextualized', 1775.62, 1916.01, '5', '10', 303.85, 495.34, 4490.82, 4, 'Kamnica');
insert into trip (id, start_date, end_date, group_size, name, hotel_budget, flight_budget, user_id, city_id, attraction_budget, restaurant_budget, budget, num_of_nights, city_name) values (10, '2025-04-09 09:51:21', '2025-08-01 11:41:48', 13, 'time-frame', 428.31, 2084.54, '40', '22', 944.91, 936.21, 4393.97, 9, 'Minien East');
insert into trip (id, start_date, end_date, group_size, name, hotel_budget, flight_budget, user_id, city_id, attraction_budget, restaurant_budget, budget, num_of_nights, city_name) values (11, '2026-04-26 08:32:49', '2025-08-02 16:08:49', 18, 'installation', 2431.58, 1064.15, '22', '5', 1522.1, 375.06, 5392.89, 13, 'Amerta');
insert into trip (id, start_date, end_date, group_size, name, hotel_budget, flight_budget, user_id, city_id, attraction_budget, restaurant_budget, budget, num_of_nights, city_name) values (12, '2025-09-12 07:53:18', '2025-10-26 08:00:47', 3, 'web-enabled', 560.86, 1117.09, '23', '4', 2307.01, 918.19, 4903.15, 17, 'Paucarcolla');
insert into trip (id, start_date, end_date, group_size, name, hotel_budget, flight_budget, user_id, city_id, attraction_budget, restaurant_budget, budget, num_of_nights, city_name) values (13, '2025-06-23 07:21:47', '2025-10-24 02:27:44', 10, 'Re-engineered', 1111.67, 1883.02, '2', '40', 2302.4, 921.03, 6218.12, 1, 'Xinfu');
insert into trip (id, start_date, end_date, group_size, name, hotel_budget, flight_budget, user_id, city_id, attraction_budget, restaurant_budget, budget, num_of_nights, city_name) values (14, '2026-01-07 10:54:50', '2025-08-04 20:34:39', 1, 'info-mediaries', 1114.89, 1838.02, '30', '38', 11.06, 1037.96, 4001.93, 16, 'Lagunillas');
insert into trip (id, start_date, end_date, group_size, name, hotel_budget, flight_budget, user_id, city_id, attraction_budget, restaurant_budget, budget, num_of_nights, city_name) values (15, '2026-04-17 22:37:14', '2025-12-26 12:24:24', 1, 'Seamless', 1897.96, 462.5, '6', '19', 2059.43, 1200.14, 5620.03, 9, 'Mar’ina Roshcha');
insert into trip (id, start_date, end_date, group_size, name, hotel_budget, flight_budget, user_id, city_id, attraction_budget, restaurant_budget, budget, num_of_nights, city_name) values (16, '2026-01-11 16:22:29', '2025-11-19 22:38:48', 18, 'Open-source', 1302.19, 1473.38, '20', '16', 115.37, 758.21, 3649.15, 18, 'Sindangsari');
insert into trip (id, start_date, end_date, group_size, name, hotel_budget, flight_budget, user_id, city_id, attraction_budget, restaurant_budget, budget, num_of_nights, city_name) values (17, '2025-08-10 04:20:26', '2025-09-03 01:03:07', 16, '24 hour', 1408.37, 641.11, '12', '33', 1859.83, 7.34, 3916.65, 13, 'Bambari');
insert into trip (id, start_date, end_date, group_size, name, hotel_budget, flight_budget, user_id, city_id, attraction_budget, restaurant_budget, budget, num_of_nights, city_name) values (18, '2025-01-23 15:46:57', '2025-12-16 04:11:52', 5, 'Cloned', 2327.27, 1029.79, '19', '32', 1953.53, 790.57, 6101.16, 18, 'Taihe');
insert into trip (id, start_date, end_date, group_size, name, hotel_budget, flight_budget, user_id, city_id, attraction_budget, restaurant_budget, budget, num_of_nights, city_name) values (19, '2025-12-09 16:37:06', '2025-10-22 14:38:21', 11, 'fault-tolerant', 640.76, 803.96, '35', '17', 1224.14, 228.31, 2897.17, 15, 'Tranås');
insert into trip (id, start_date, end_date, group_size, name, hotel_budget, flight_budget, user_id, city_id, attraction_budget, restaurant_budget, budget, num_of_nights, city_name) values (20, '2025-01-05 13:04:57', '2025-11-05 18:37:15', 1, 'well-modulated', 2068.34, 1052.67, '26', '21', 2127.01, 1918.45, 7166.47, 15, 'Smolenka');
insert into trip (id, start_date, end_date, group_size, name, hotel_budget, flight_budget, user_id, city_id, attraction_budget, restaurant_budget, budget, num_of_nights, city_name) values (21, '2025-02-16 17:55:08', '2025-12-07 19:05:56', 16, 'neural-net', 563.34, 295.22, '9', '39', 1662.05, 1188.37, 3708.98, 12, 'La Palma');
insert into trip (id, start_date, end_date, group_size, name, hotel_budget, flight_budget, user_id, city_id, attraction_budget, restaurant_budget, budget, num_of_nights, city_name) values (22, '2025-01-24 01:50:55', '2025-11-05 03:13:00', 19, 'Operative', 1383.43, 2106.41, '7', '11', 391.96, 1534.59, 5416.39, 4, 'Tolosa');
insert into trip (id, start_date, end_date, group_size, name, hotel_budget, flight_budget, user_id, city_id, attraction_budget, restaurant_budget, budget, num_of_nights, city_name) values (23, '2025-01-14 03:37:37', '2025-09-22 23:23:40', 18, 'projection', 515.07, 2017.16, '37', '8', 123.3, 307.28, 2962.81, 5, 'Cachón');
insert into trip (id, start_date, end_date, group_size, name, hotel_budget, flight_budget, user_id, city_id, attraction_budget, restaurant_budget, budget, num_of_nights, city_name) values (24, '2026-01-03 17:21:51', '2025-09-21 08:41:34', 9, 'Organized', 170.48, 2456.36, '25', '36', 1253.87, 2473.44, 6354.15, 12, 'Azteca');
insert into trip (id, start_date, end_date, group_size, name, hotel_budget, flight_budget, user_id, city_id, attraction_budget, restaurant_budget, budget, num_of_nights, city_name) values (25, '2025-09-19 10:48:48', '2025-10-13 23:05:55', 2, 'Networked', 1182.55, 2185.64, '39', '20', 1297.93, 419.63, 5085.75, 11, 'Foumban');
insert into trip (id, start_date, end_date, group_size, name, hotel_budget, flight_budget, user_id, city_id, attraction_budget, restaurant_budget, budget, num_of_nights, city_name) values (26, '2026-06-20 00:19:29', '2025-08-08 14:47:28', 3, 'Synchronised', 1874.45, 1581.3, '21', '12', 1404.69, 1260.51, 6120.95, 6, 'Mananjary');
insert into trip (id, start_date, end_date, group_size, name, hotel_budget, flight_budget, user_id, city_id, attraction_budget, restaurant_budget, budget, num_of_nights, city_name) values (27, '2026-07-16 11:17:45', '2025-09-03 05:01:42', 15, 'uniform', 1153.96, 2224.48, '36', '29', 117.32, 29.25, 3525.01, 5, 'Ekerö');
insert into trip (id, start_date, end_date, group_size, name, hotel_budget, flight_budget, user_id, city_id, attraction_budget, restaurant_budget, budget, num_of_nights, city_name) values (28, '2025-10-02 20:58:11', '2025-09-30 21:47:01', 16, 'definition', 1368.83, 1267.15, '10', '27', 2259.29, 562.87, 5458.14, 6, 'Xinwu');
insert into trip (id, start_date, end_date, group_size, name, hotel_budget, flight_budget, user_id, city_id, attraction_budget, restaurant_budget, budget, num_of_nights, city_name) values (29, '2025-11-08 20:22:55', '2025-11-03 21:00:33', 17, 'secondary', 1246.56, 1710.49, '31', '14', 711.09, 1496.36, 5164.5, 19, 'Bajia');
insert into trip (id, start_date, end_date, group_size, name, hotel_budget, flight_budget, user_id, city_id, attraction_budget, restaurant_budget, budget, num_of_nights, city_name) values (30, '2025-09-14 14:15:27', '2025-12-14 14:04:45', 18, 'Adaptive', 912.14, 1132.09, '17', '2', 1174.73, 507.75, 3726.71, 4, 'Mymensingh');
insert into trip (id, start_date, end_date, group_size, name, hotel_budget, flight_budget, user_id, city_id, attraction_budget, restaurant_budget, budget, num_of_nights, city_name) values (31, '2025-07-27 10:31:49', '2025-10-25 11:05:38', 17, 'customer loyalty', 992.45, 1961.28, '32', '35', 1646.51, 1157.22, 5757.46, 20, 'Metsamor');
insert into trip (id, start_date, end_date, group_size, name, hotel_budget, flight_budget, user_id, city_id, attraction_budget, restaurant_budget, budget, num_of_nights, city_name) values (32, '2026-07-03 00:49:21', '2025-10-17 19:48:54', 11, 'encoding', 1006.15, 1665.68, '11', '9', 904.04, 1127.63, 4703.5, 20, 'Aix-en-Provence');
insert into trip (id, start_date, end_date, group_size, name, hotel_budget, flight_budget, user_id, city_id, attraction_budget, restaurant_budget, budget, num_of_nights, city_name) values (33, '2025-02-22 12:55:32', '2025-09-29 16:04:00', 4, 'Down-sized', 964.65, 1003.55, '38', '24', 1512.57, 2151.1, 5631.87, 6, 'Dongsheng');
insert into trip (id, start_date, end_date, group_size, name, hotel_budget, flight_budget, user_id, city_id, attraction_budget, restaurant_budget, budget, num_of_nights, city_name) values (34, '2025-03-22 09:13:12', '2025-09-02 07:24:43', 12, 'Exclusive', 170.46, 559.98, '15', '7', 239.88, 373.33, 1343.65, 2, 'Belfast');
insert into trip (id, start_date, end_date, group_size, name, hotel_budget, flight_budget, user_id, city_id, attraction_budget, restaurant_budget, budget, num_of_nights, city_name) values (35, '2025-01-11 20:01:39', '2025-12-24 10:23:42', 3, 'superstructure', 491.67, 2184.51, '13', '25', 1580.88, 1885.51, 6142.57, 18, 'Santa Maria da Vitória');
insert into trip (id, start_date, end_date, group_size, name, hotel_budget, flight_budget, user_id, city_id, attraction_budget, restaurant_budget, budget, num_of_nights, city_name) values (36, '2026-02-08 03:28:13', '2025-12-12 10:01:28', 17, 'collaboration', 1291.54, 1126.76, '34', '18', 593.59, 917.29, 3929.18, 7, 'Barwałd Średni');
insert into trip (id, start_date, end_date, group_size, name, hotel_budget, flight_budget, user_id, city_id, attraction_budget, restaurant_budget, budget, num_of_nights, city_name) values (37, '2025-06-28 14:40:26', '2025-10-28 21:56:34', 5, 'encompassing', 887.86, 2059.96, '4', '37', 743.71, 1272.08, 4963.61, 5, 'Amagasaki');
insert into trip (id, start_date, end_date, group_size, name, hotel_budget, flight_budget, user_id, city_id, attraction_budget, restaurant_budget, budget, num_of_nights, city_name) values (38, '2025-11-13 20:55:07', '2025-09-15 08:19:25', 11, 'orchestration', 1161.68, 124.02, '29', '6', 2465.78, 2026.79, 5778.27, 3, 'Berber');
insert into trip (id, start_date, end_date, group_size, name, hotel_budget, flight_budget, user_id, city_id, attraction_budget, restaurant_budget, budget, num_of_nights, city_name) values (39, '2025-04-14 00:03:45', '2025-12-15 09:29:02', 3, 'encryption', 1774.51, 1646.11, '27', '15', 2461.02, 2290.78, 8172.42, 12, 'Pesek');
insert into trip (id, start_date, end_date, group_size, name, hotel_budget, flight_budget, user_id, city_id, attraction_budget, restaurant_budget, budget, num_of_nights, city_name) values (40, '2025-08-22 15:30:32', '2025-11-19 16:47:29', 12, 'hybrid', 2199.17, 720.47, '3', '3', 324.72, 2277.15, 5521.51, 18, 'Bakıxanov');

use getawayguru;

insert into hotel (id, room_type, amenities, price_per_night, email, name, rating, city_id, city_name) values (1, 'Single Room', 'Fitness Center and In-room Massage Chair', 77.98, 'duppett0@goo.gl', 'Crimson Crest Lodge', 1, '40', 'Xinfu');
insert into hotel (id, room_type, amenities, price_per_night, email, name, rating, city_id, city_name) values (2, 'Double Room', 'Free Wi-Fi and Personalized Pillow Menu', 255.54, 'sschollar1@imdb.com', 'Tranquil Oasis Hotel', 4, '18', 'Barwałd Średni');
insert into hotel (id, room_type, amenities, price_per_night, email, name, rating, city_id, city_name) values (3, 'Presidential Suite', 'Complimentary Breakfast and Pet Concierge Services', 297.46, 'cmaywood2@cbc.ca', 'Sunrise Pointe Hotel', 1, '2', 'Mymensingh');
insert into hotel (id, room_type, amenities, price_per_night, email, name, rating, city_id, city_name) values (4, 'Twin Room', 'Complimentary Breakfast and Pet Concierge Services', 4.57, 'szannolli3@apple.com', 'Sapphire Springs Resort', 2, '1', 'Stockholm');
insert into hotel (id, room_type, amenities, price_per_night, email, name, rating, city_id, city_name) values (5, 'Junior Suite', '24-hour Front Desk Service and Customized Aromatherapy', 407.5, 'sboltwood4@elpais.com', 'Majestic Peaks Resort', 1, '23', 'Krajan Pocangan');
insert into hotel (id, room_type, amenities, price_per_night, email, name, rating, city_id, city_name) values (6, 'Junior Suite', '24-hour Front Desk Service and Customized Aromatherapy', 174.01, 'ydury5@diigo.com', 'Whispering Pines Lodge', 3, '27', 'Xinwu');
insert into hotel (id, room_type, amenities, price_per_night, email, name, rating, city_id, city_name) values (7, 'Twin Room', 'Fitness Center and In-room Massage Chair', 119.16, 'cfulks6@businessweek.com', 'Harbor Lights Hotel', 2, '7', 'Belfast');
insert into hotel (id, room_type, amenities, price_per_night, email, name, rating, city_id, city_name) values (8, 'Presidential Suite', 'Swimming Pool and Virtual Reality Gaming Area', 174.15, 'rvillalta7@dailymail.co.uk', 'Tropical Paradise Hotel', 1, '20', 'Foumban');
insert into hotel (id, room_type, amenities, price_per_night, email, name, rating, city_id, city_name) values (9, 'Deluxe Room', 'Free Wi-Fi and Personalized Pillow Menu', 158.46, 'dreightley8@cnn.com', 'Moonlit Meadows Lodge', 3, '36', 'Azteca');
insert into hotel (id, room_type, amenities, price_per_night, email, name, rating, city_id, city_name) values (10, 'Single Room', '24-hour Front Desk Service and Customized Aromatherapy', 388.21, 'atreby9@nhs.uk', 'Majestic Peaks Resort', 5, '12', 'Mananjary');
insert into hotel (id, room_type, amenities, price_per_night, email, name, rating, city_id, city_name) values (11, 'Deluxe Room', 'Swimming Pool and Virtual Reality Gaming Area', 87.61, 'ngogiea@mapquest.com', 'Whispering Sands Resort', 1, '11', 'Tolosa');
insert into hotel (id, room_type, amenities, price_per_night, email, name, rating, city_id, city_name) values (12, 'Single Room', 'Fitness Center and In-room Massage Chair', 334.13, 'hotierneyb@pagesperso-orange.fr', 'Cedar Ridge Retreat', 4, '21', 'Smolenka');
insert into hotel (id, room_type, amenities, price_per_night, email, name, rating, city_id, city_name) values (13, 'Double Room', 'Swimming Pool and Virtual Reality Gaming Area', 444.84, 'mfootc@pcworld.com', 'Whispering Pines Lodge', 1, '19', 'Mar’ina Roshcha');
insert into hotel (id, room_type, amenities, price_per_night, email, name, rating, city_id, city_name) values (14, 'Junior Suite', 'Complimentary Breakfast and Pet Concierge Services', 246.99, 'hlondorsd@guardian.co.uk', 'Ocean Breeze Inn', 2, '14', 'Bajia');
insert into hotel (id, room_type, amenities, price_per_night, email, name, rating, city_id, city_name) values (15, 'Double Room', '24-hour Front Desk Service and Customized Aromatherapy', 124.68, 'hwindrosse@springer.com', 'Maple Leaf Lodge', 4, '22', 'Minien East');
insert into hotel (id, room_type, amenities, price_per_night, email, name, rating, city_id, city_name) values (16, 'Junior Suite', 'Fitness Center and In-room Massage Chair', 187.04, 'jdooneyf@latimes.com', 'Palm Tree Retreat', 2, '15', 'Pesek');
insert into hotel (id, room_type, amenities, price_per_night, email, name, rating, city_id, city_name) values (17, 'Suite', 'Free Wi-Fi and Personalized Pillow Menu', 362.08, 'avaarg@europa.eu', 'Mountain Majesty Resort', 1, '17', 'Tranås');
insert into hotel (id, room_type, amenities, price_per_night, email, name, rating, city_id, city_name) values (18, 'Deluxe Room', '24-hour Front Desk Service and Customized Aromatherapy', 158.45, 'aexpositoh@cbslocal.com', 'Crimson Crest Lodge', 5, '9', 'Aix-en-Provence');
insert into hotel (id, room_type, amenities, price_per_night, email, name, rating, city_id, city_name) values (19, 'Double Room', 'Complimentary Breakfast and Pet Concierge Services', 363.0, 'dsuchei@imageshack.us', 'Tranquil Oasis Hotel', 3, '26', 'Poroçan');
insert into hotel (id, room_type, amenities, price_per_night, email, name, rating, city_id, city_name) values (20, 'Junior Suite', 'Fitness Center and In-room Massage Chair', 121.36, 'dmedgewickj@uiuc.edu', 'Golden Gate Hotel', 2, '37', 'Amagasaki');
insert into hotel (id, room_type, amenities, price_per_night, email, name, rating, city_id, city_name) values (21, 'Deluxe Room', '24-hour Front Desk Service and Customized Aromatherapy', 397.16, 'xsimmenk@google.com.br', 'Tranquil Oasis Hotel', 1, '29', 'Ekerö');
insert into hotel (id, room_type, amenities, price_per_night, email, name, rating, city_id, city_name) values (22, 'Double Room', '24-hour Front Desk Service and Customized Aromatherapy', 110.63, 'sgewerl@wired.com', 'Maple Leaf Lodge', 3, '34', 'San José');
insert into hotel (id, room_type, amenities, price_per_night, email, name, rating, city_id, city_name) values (23, 'Deluxe Room', '24-hour Front Desk Service and Customized Aromatherapy', 24.46, 'lbletsoem@4shared.com', 'Ocean Breeze Inn', 5, '5', 'Amerta');
insert into hotel (id, room_type, amenities, price_per_night, email, name, rating, city_id, city_name) values (24, 'Presidential Suite', 'Complimentary Breakfast and Pet Concierge Services', 355.23, 'phammattn@networksolutions.com', 'Cedar Ridge Retreat', 2, '33', 'Bambari');
insert into hotel (id, room_type, amenities, price_per_night, email, name, rating, city_id, city_name) values (25, 'Twin Room', 'Complimentary Breakfast and Pet Concierge Services', 118.79, 'eoehmeo@hhs.gov', 'Enchanted Forest Resort', 2, '16', 'Sindangsari');
insert into hotel (id, room_type, amenities, price_per_night, email, name, rating, city_id, city_name) values (26, 'Presidential Suite', 'Free Wi-Fi and Personalized Pillow Menu', 131.88, 'cstenbridgep@bloglines.com', 'Seaside Serenity Inn', 3, '8', 'Cachón');
insert into hotel (id, room_type, amenities, price_per_night, email, name, rating, city_id, city_name) values (27, 'Presidential Suite', 'Swimming Pool and Virtual Reality Gaming Area', 457.21, 'tkewishq@cbc.ca', 'Ocean Breeze Inn', 3, '24', 'Dongsheng');
insert into hotel (id, room_type, amenities, price_per_night, email, name, rating, city_id, city_name) values (28, 'Deluxe Room', 'Free Wi-Fi and Personalized Pillow Menu', 88.09, 'ahouricanr@about.me', 'Crystal Waters Resort', 1, '25', 'Santa Maria da Vitória');
insert into hotel (id, room_type, amenities, price_per_night, email, name, rating, city_id, city_name) values (29, 'Presidential Suite', 'Swimming Pool and Virtual Reality Gaming Area', 283.93, 'tharbrons@cocolog-nifty.com', 'Sunflower Fields Inn', 4, '10', 'Kamnica');
insert into hotel (id, room_type, amenities, price_per_night, email, name, rating, city_id, city_name) values (30, 'Deluxe Room', 'Swimming Pool and Virtual Reality Gaming Area', 486.88, 'eheustacet@yolasite.com', 'Whispering Pines Lodge', 2, '28', 'Baishan');
insert into hotel (id, room_type, amenities, price_per_night, email, name, rating, city_id, city_name) values (31, 'Double Room', 'Swimming Pool and Virtual Reality Gaming Area', 254.06, 'lmcphailu@cbslocal.com', 'Royal Oak Inn', 3, '38', 'Lagunillas');
insert into hotel (id, room_type, amenities, price_per_night, email, name, rating, city_id, city_name) values (32, 'Twin Room', 'Fitness Center and In-room Massage Chair', 406.0, 'aivettv@geocities.jp', 'Sunrise Pointe Hotel', 5, '39', 'La Palma');
insert into hotel (id, room_type, amenities, price_per_night, email, name, rating, city_id, city_name) values (33, 'Single Room', 'Complimentary Breakfast and Pet Concierge Services', 431.71, 'wbilsonw@unblog.fr', 'Sunset Paradise Hotel', 1, '13', 'Trenggulunan');
insert into hotel (id, room_type, amenities, price_per_night, email, name, rating, city_id, city_name) values (34, 'Deluxe Room', 'Fitness Center and In-room Massage Chair', 123.88, 'jgrisenthwaitex@europa.eu', 'Cedar Ridge Retreat', 2, '31', 'Payao');
insert into hotel (id, room_type, amenities, price_per_night, email, name, rating, city_id, city_name) values (35, 'Double Room', 'Complimentary Breakfast and Pet Concierge Services', 8.73, 'tantonacciy@dyndns.org', 'Golden Sands Resort', 3, '30', 'Begowāla');
insert into hotel (id, room_type, amenities, price_per_night, email, name, rating, city_id, city_name) values (36, 'Suite', 'Swimming Pool and Virtual Reality Gaming Area', 93.19, 'mpurvisz@google.co.jp', 'Whispering Sands Resort', 3, '32', 'Taihe');
insert into hotel (id, room_type, amenities, price_per_night, email, name, rating, city_id, city_name) values (37, 'Presidential Suite', 'Fitness Center and In-room Massage Chair', 48.49, 'kmullard10@latimes.com', 'Mountain View Lodge', 2, '3', 'Bakıxanov');
insert into hotel (id, room_type, amenities, price_per_night, email, name, rating, city_id, city_name) values (38, 'Twin Room', '24-hour Front Desk Service and Customized Aromatherapy', 92.57, 'mguthrum11@umich.edu', 'Emerald Valley Inn', 1, '4', 'Paucarcolla');
insert into hotel (id, room_type, amenities, price_per_night, email, name, rating, city_id, city_name) values (39, 'Presidential Suite', 'Complimentary Breakfast and Pet Concierge Services', 55.68, 'jphette12@wikimedia.org', 'Misty Mountain Lodge', 3, '6', 'Berber');
insert into hotel (id, room_type, amenities, price_per_night, email, name, rating, city_id, city_name) values (40, 'Double Room', 'Complimentary Breakfast and Pet Concierge Services', 182.55, 'msawday13@unc.edu', 'Wildflower Meadows Lodge', 5, '35', 'Metsamor');

use getawayguru;

insert into attraction (id, price, address, rating, city_id, name) values (1, 155.54, '1148 Muir Lane', 10, '25', 'Enchanted Lagoon');
insert into attraction (id, price, address, rating, city_id, name) values (2, 42.4, '16 Morrow Terrace', 10, '32', 'Tropical Tropics');
insert into attraction (id, price, address, rating, city_id, name) values (3, 150.24, '571 Hoffman Way', 4, '27', 'Jungle Journey');
insert into attraction (id, price, address, rating, city_id, name) values (4, 142.43, '201 Hazelcrest Drive', 5, '39', 'Enchanted Garden');
insert into attraction (id, price, address, rating, city_id, name) values (5, 199.84, '4 Marcy Center', 4, '34', 'Mystic Marvels');
insert into attraction (id, price, address, rating, city_id, name) values (6, 154.73, '82 Forest Dale Road', 6, '28', 'Fantasy Fables');
insert into attraction (id, price, address, rating, city_id, name) values (7, 117.05, '668 Emmet Place', 9, '23', 'Adventure Awaits');
insert into attraction (id, price, address, rating, city_id, name) values (8, 150.08, '5855 Manufacturers Junction', 5, '24', 'Whimsical Woods');
insert into attraction (id, price, address, rating, city_id, name) values (9, 172.74, '89 Corscot Pass', 10, '18', 'Pirate''s Plunder');
insert into attraction (id, price, address, rating, city_id, name) values (10, 118.42, '3 Fairview Hill', 6, '22', 'Mystical Mountain');
insert into attraction (id, price, address, rating, city_id, name) values (11, 178.12, '72909 Colorado Circle', 2, '7', 'Tropical Oasis');
insert into attraction (id, price, address, rating, city_id, name) values (12, 98.45, '7041 Stoughton Court', 9, '37', 'Magical Meadows');
insert into attraction (id, price, address, rating, city_id, name) values (13, 76.09, '15 Blackbird Place', 8, '12', 'Galactic Gateway');
insert into attraction (id, price, address, rating, city_id, name) values (14, 72.3, '48 Anniversary Plaza', 6, '31', 'Enchanted Escapade');
insert into attraction (id, price, address, rating, city_id, name) values (15, 7.76, '98 Quincy Way', 4, '15', 'Dreamy Dunes');
insert into attraction (id, price, address, rating, city_id, name) values (16, 122.66, '0963 Summerview Drive', 9, '8', 'Galactic Adventure');
insert into attraction (id, price, address, rating, city_id, name) values (17, 32.4, '58010 Sundown Pass', 5, '26', 'Whimsical Waters');
insert into attraction (id, price, address, rating, city_id, name) values (18, 10.01, '32610 Grover Road', 7, '1', 'Enchanted Lagoon');
insert into attraction (id, price, address, rating, city_id, name) values (19, 118.78, '895 Waxwing Lane', 4, '16', 'Jungle Journey');
insert into attraction (id, price, address, rating, city_id, name) values (20, 85.39, '1673 Eagan Crossing', 2, '29', 'Enchanted Lagoon');
insert into attraction (id, price, address, rating, city_id, name) values (21, 107.36, '9291 Meadow Ridge Hill', 8, '6', 'Jungle Journey');
insert into attraction (id, price, address, rating, city_id, name) values (22, 122.16, '58 Lakewood Gardens Drive', 3, '36', 'Fantasy Fables');
insert into attraction (id, price, address, rating, city_id, name) values (23, 22.18, '30815 Moose Street', 9, '17', 'Enchanted Garden');
insert into attraction (id, price, address, rating, city_id, name) values (24, 6.17, '696 Hintze Lane', 4, '19', 'Fantasy Falls');
insert into attraction (id, price, address, rating, city_id, name) values (25, 137.07, '22 Annamark Court', 5, '14', 'Pirate''s Cove');
insert into attraction (id, price, address, rating, city_id, name) values (26, 50.65, '60 Old Shore Trail', 4, '9', 'Mystic Manor');
insert into attraction (id, price, address, rating, city_id, name) values (27, 77.56, '59 Surrey Hill', 1, '11', 'Wonderland Wonders');
insert into attraction (id, price, address, rating, city_id, name) values (28, 83.84, '8 Spohn Pass', 1, '21', 'Tropical Treasures');
insert into attraction (id, price, address, rating, city_id, name) values (29, 126.99, '9232 Vernon Court', 8, '35', 'Whimsical Woods');
insert into attraction (id, price, address, rating, city_id, name) values (30, 8.82, '93580 Hoffman Court', 7, '5', 'Tropical Oasis');
insert into attraction (id, price, address, rating, city_id, name) values (31, 67.05, '99407 Burrows Junction', 2, '10', 'Whimsical Woods');
insert into attraction (id, price, address, rating, city_id, name) values (32, 51.41, '8682 Annamark Junction', 4, '3', 'Mystic Manor');
insert into attraction (id, price, address, rating, city_id, name) values (33, 153.12, '583 Thackeray Pass', 3, '33', 'Fantasy Fables');
insert into attraction (id, price, address, rating, city_id, name) values (34, 22.85, '97246 Rockefeller Junction', 10, '30', 'Tropical Oasis');
insert into attraction (id, price, address, rating, city_id, name) values (35, 40.8, '840 Lakeland Pass', 5, '2', 'Space Odyssey');
insert into attraction (id, price, address, rating, city_id, name) values (36, 198.58, '50318 Trailsway Circle', 3, '13', 'Adventure Awaits');
insert into attraction (id, price, address, rating, city_id, name) values (37, 182.08, '3 Forster Point', 6, '40', 'Galactic Adventure');
insert into attraction (id, price, address, rating, city_id, name) values (38, 63.75, '6 Cardinal Lane', 1, '4', 'Tropical Treasures');
insert into attraction (id, price, address, rating, city_id, name) values (39, 142.04, '86 Manitowish Trail', 8, '38', 'Tropical Oasis');
insert into attraction (id, price, address, rating, city_id, name) values (40, 155.2, '2507 Graedel Alley', 2, '20', 'Galactic Adventure');

use getawayguru;

insert into restaurant (id, average_price, address, rating, cuisine_type, city_id, name) values (1, 24.5, '83699 Sachtjen Pass', 3, 'Thai', '40', 'Pepper Palace');
insert into restaurant (id, average_price, address, rating, cuisine_type, city_id, name) values (2, 16.41, '9 Mayer Park', 4, 'French', '24', 'The Green Garden');
insert into restaurant (id, average_price, address, rating, cuisine_type, city_id, name) values (3, 89.18, '0095 Parkside Terrace', 2, 'Mexican', '28', 'The Savory Shack');
insert into restaurant (id, average_price, address, rating, cuisine_type, city_id, name) values (4, 121.19, '97284 Ridgeview Terrace', 5, 'Japanese', '13', 'The Crispy Crepe');
insert into restaurant (id, average_price, address, rating, cuisine_type, city_id, name) values (5, 96.24, '5602 Ryan Place', 3, 'Indian', '23', 'Sizzling Sushi');
insert into restaurant (id, average_price, address, rating, cuisine_type, city_id, name) values (6, 166.81, '63 Del Mar Avenue', 2, 'Indian', '10', 'Sunny Side Cafe');
insert into restaurant (id, average_price, address, rating, cuisine_type, city_id, name) values (7, 175.08, '5 Everett Point', 5, 'Italian', '20', 'Pasta Paradise');
insert into restaurant (id, average_price, address, rating, cuisine_type, city_id, name) values (8, 181.11, '528 Montana Terrace', 4, 'Greek', '2', 'The Gourmet Galley');
insert into restaurant (id, average_price, address, rating, cuisine_type, city_id, name) values (9, 81.05, '4 Elmside Center', 3, 'Korean', '3', 'Spice Island Grill');
insert into restaurant (id, average_price, address, rating, cuisine_type, city_id, name) values (10, 94.58, '26 Old Gate Way', 4, 'Mediterranean', '21', 'Noodle Nation');
insert into restaurant (id, average_price, address, rating, cuisine_type, city_id, name) values (11, 128.58, '77571 Mendota Alley', 5, 'French', '18', 'The Rustic Rooster');
insert into restaurant (id, average_price, address, rating, cuisine_type, city_id, name) values (12, 47.61, '1 Ridge Oak Terrace', 5, 'Mexican', '35', 'Mango Madness Cafe');
insert into restaurant (id, average_price, address, rating, cuisine_type, city_id, name) values (13, 29.8, '62 Pawling Parkway', 2, 'Italian', '1', 'The Urban Eatery');
insert into restaurant (id, average_price, address, rating, cuisine_type, city_id, name) values (14, 148.47, '3809 American Point', 4, 'Japanese', '17', 'Sizzling Sushi');
insert into restaurant (id, average_price, address, rating, cuisine_type, city_id, name) values (15, 69.49, '391 Bluestem Terrace', 5, 'Indian', '33', 'Pasta Paradise');
insert into restaurant (id, average_price, address, rating, cuisine_type, city_id, name) values (16, 82.66, '3 Spohn Way', 5, 'Mexican', '8', 'The Hungry Owl');
insert into restaurant (id, average_price, address, rating, cuisine_type, city_id, name) values (17, 91.28, '6 Twin Pines Parkway', 3, 'Brazilian', '39', 'The Savory Shack');
insert into restaurant (id, average_price, address, rating, cuisine_type, city_id, name) values (18, 37.28, '8 Monterey Terrace', 4, 'Japanese', '9', 'Savory Street Kitchen');
insert into restaurant (id, average_price, address, rating, cuisine_type, city_id, name) values (19, 37.69, '07 Delaware Center', 5, 'French', '14', 'The Gourmet Galley');
insert into restaurant (id, average_price, address, rating, cuisine_type, city_id, name) values (20, 23.5, '24 Gulseth Street', 3, 'Italian', '38', 'Sizzling Sushi');
insert into restaurant (id, average_price, address, rating, cuisine_type, city_id, name) values (21, 137.32, '616 Loftsgordon Junction', 4, 'Italian', '7', 'The Green Garden');
insert into restaurant (id, average_price, address, rating, cuisine_type, city_id, name) values (22, 149.33, '92 Vahlen Alley', 5, 'Mexican', '22', 'The Sweet Spot');
insert into restaurant (id, average_price, address, rating, cuisine_type, city_id, name) values (23, 131.16, '0668 Trailsway Circle', 1, 'Japanese', '26', 'Cocoa Cafe');
insert into restaurant (id, average_price, address, rating, cuisine_type, city_id, name) values (24, 185.48, '440 Logan Street', 4, 'Brazilian', '37', 'Pasta Paradise');
insert into restaurant (id, average_price, address, rating, cuisine_type, city_id, name) values (25, 48.14, '46592 South Crossing', 1, 'French', '11', 'Sunny Side Cafe');
insert into restaurant (id, average_price, address, rating, cuisine_type, city_id, name) values (26, 44.48, '556 Blaine Crossing', 1, 'Thai', '4', 'Cocoa Cafe');
insert into restaurant (id, average_price, address, rating, cuisine_type, city_id, name) values (27, 109.56, '55700 Artisan Junction', 1, 'Greek', '15', 'The Wholesome Plate');
insert into restaurant (id, average_price, address, rating, cuisine_type, city_id, name) values (28, 18.6, '59637 Kensington Road', 3, 'Korean', '6', 'Burger Barn');
insert into restaurant (id, average_price, address, rating, cuisine_type, city_id, name) values (29, 156.1, '00 Kedzie Road', 2, 'Greek', '32', 'Burger Barn');
insert into restaurant (id, average_price, address, rating, cuisine_type, city_id, name) values (30, 148.99, '22 Badeau Avenue', 1, 'Mexican', '30', 'The Rustic Rooster');
insert into restaurant (id, average_price, address, rating, cuisine_type, city_id, name) values (31, 16.45, '6 Del Sol Place', 4, 'Greek', '19', 'The Flavor Factory');
insert into restaurant (id, average_price, address, rating, cuisine_type, city_id, name) values (32, 86.93, '41584 Riverside Parkway', 2, 'Japanese', '36', 'The Fresh Catch');
insert into restaurant (id, average_price, address, rating, cuisine_type, city_id, name) values (33, 9.75, '05 Wayridge Trail', 1, 'Greek', '16', 'Taco Tango');
insert into restaurant (id, average_price, address, rating, cuisine_type, city_id, name) values (34, 161.48, '9451 Hovde Junction', 4, 'Greek', '12', 'Pasta Paradise');
insert into restaurant (id, average_price, address, rating, cuisine_type, city_id, name) values (35, 53.8, '87 Blaine Plaza', 1, 'Greek', '34', 'Crispy Crust Pizzeria');
insert into restaurant (id, average_price, address, rating, cuisine_type, city_id, name) values (36, 55.23, '95961 Sunfield Court', 1, 'Greek', '27', 'The Savory Slice');
insert into restaurant (id, average_price, address, rating, cuisine_type, city_id, name) values (37, 115.35, '1 Heffernan Court', 3, 'French', '31', 'The Green Garden');
insert into restaurant (id, average_price, address, rating, cuisine_type, city_id, name) values (38, 5.44, '10 Londonderry Court', 5, 'Mexican', '29', 'The Veggie Patch');
insert into restaurant (id, average_price, address, rating, cuisine_type, city_id, name) values (39, 13.85, '823 Victoria Court', 1, 'Italian', '5', 'Noodle Nation');
insert into restaurant (id, average_price, address, rating, cuisine_type, city_id, name) values (40, 13.17, '9 Coolidge Plaza', 4, 'Japanese', '25', 'The Juicy Joint');

use getawayguru;

insert into flights (flight_id, airline_name, departure, arrival, duration, price, origin_city, city_id) values (1, 'SilverWing Airlines', '2025-05-30 17:09:21', '2025-05-30 19:09:21', 2, 1616.88, 'Paris La Défense', '24');
insert into flights (flight_id, airline_name, departure, arrival, duration, price, origin_city, city_id) values (2, 'AirWave Express', '2025-03-23 09:40:45', '2025-03-23 16:40:45', 7, 1993.65, 'H̱olon', '23');
insert into flights (flight_id, airline_name, departure, arrival, duration, price, origin_city, city_id) values (3, 'AirWave Express', '2025-11-13 06:15:13', '2025-11-13 14:15:13', 8, 2357.28, 'Getahovit', '7');
insert into flights (flight_id, airline_name, departure, arrival, duration, price, origin_city, city_id) values (4, 'BlueSky Aviation', '2025-06-07 12:03:22', '2025-06-07 13:03:22', 1, 882.34, 'Salamanca', '30');
insert into flights (flight_id, airline_name, departure, arrival, duration, price, origin_city, city_id) values (5, 'Starlight Airways', '2025-11-14 15:57:27', '2025-11-14 23:57:27', 8, 1353.26, 'Uniejów', '2');
insert into flights (flight_id, airline_name, departure, arrival, duration, price, origin_city, city_id) values (6, 'SilverWing Airlines', '2025-10-22 08:26:42', '2025-10-22 17:26:42', 9, 226.8, 'Stuttgart Stuttgart-Mitte', '3');
insert into flights (flight_id, airline_name, departure, arrival, duration, price, origin_city, city_id) values (7, 'Skyline Airlines', '2025-04-30 03:13:46', '2025-04-30 14:13:46', 11, 2298.16, 'Araulí', '13');
insert into flights (flight_id, airline_name, departure, arrival, duration, price, origin_city, city_id) values (8, 'BlueSky Aviation', '2025-10-16 03:42:31', '2025-10-16 04:42:31', 1, 269.52, 'Mieścisko', '26');
insert into flights (flight_id, airline_name, departure, arrival, duration, price, origin_city, city_id) values (9, 'Starlight Airways', '2025-01-10 21:52:09', '2025-01-11 02:52:09', 5, 1709.99, 'Nioki', '16');
insert into flights (flight_id, airline_name, departure, arrival, duration, price, origin_city, city_id) values (10, 'Skyline Airlines', '2025-03-09 03:47:50', '2025-03-09 14:47:50', 11, 2488.17, 'Fernandópolis', '17');
insert into flights (flight_id, airline_name, departure, arrival, duration, price, origin_city, city_id) values (11, 'FlyHigh Airlines', '2025-01-02 20:32:09', '2025-01-02 21:32:09', 1, 219.49, 'Gjinkar', '20');
insert into flights (flight_id, airline_name, departure, arrival, duration, price, origin_city, city_id) values (12, 'AeroStream', '2025-09-12 03:05:44', '2025-09-12 04:05:44', 1, 1149.43, 'Jajawai', '22');
insert into flights (flight_id, airline_name, departure, arrival, duration, price, origin_city, city_id) values (13, 'AeroStream', '2025-02-03 04:19:23', '2025-02-03 11:19:23', 7, 777.96, 'Doumen', '9');
insert into flights (flight_id, airline_name, departure, arrival, duration, price, origin_city, city_id) values (14, 'Skyline Airlines', '2025-06-22 13:15:03', '2025-06-23 01:15:03', 12, 574.78, 'Sindang', '32');
insert into flights (flight_id, airline_name, departure, arrival, duration, price, origin_city, city_id) values (15, 'SilverWing Airlines', '2025-10-05 06:02:04', '2025-10-05 13:02:04', 7, 1889.95, 'Lavezares', '21');
insert into flights (flight_id, airline_name, departure, arrival, duration, price, origin_city, city_id) values (16, 'AeroStream', '2025-10-27 15:45:07', '2025-10-28 00:45:07', 9, 1503.09, 'Chodová Planá', '33');
insert into flights (flight_id, airline_name, departure, arrival, duration, price, origin_city, city_id) values (17, 'AirWave Express', '2025-02-19 02:30:37', '2025-02-19 05:30:37', 3, 1947.33, 'Zaqatala', '5');
insert into flights (flight_id, airline_name, departure, arrival, duration, price, origin_city, city_id) values (18, 'DreamJet', '2025-12-26 09:51:51', '2025-12-26 17:51:51', 8, 471.21, 'Água Levada', '11');
insert into flights (flight_id, airline_name, departure, arrival, duration, price, origin_city, city_id) values (19, 'Sunset Air', '2025-04-27 13:24:28', '2025-04-27 16:24:28', 3, 1039.54, 'Ibagué', '35');
insert into flights (flight_id, airline_name, departure, arrival, duration, price, origin_city, city_id) values (20, 'BlueSky Aviation', '2025-03-03 04:27:24', '2025-03-03 05:27:24', 1, 1443.6, 'Wŏnju', '34');
insert into flights (flight_id, airline_name, departure, arrival, duration, price, origin_city, city_id) values (21, 'BlueSky Aviation', '2025-07-18 11:50:38', '2025-07-18 13:50:38', 2, 333.05, 'Hujiaying', '38');
insert into flights (flight_id, airline_name, departure, arrival, duration, price, origin_city, city_id) values (22, 'FlyHigh Airlines', '2025-05-15 22:49:03', '2025-05-16 04:49:03', 6, 289.55, 'Punolu', '10');
insert into flights (flight_id, airline_name, departure, arrival, duration, price, origin_city, city_id) values (23, 'AirWave Express', '2025-07-02 11:15:08', '2025-07-02 21:15:08', 10, 314.24, 'Taoyao', '40');
insert into flights (flight_id, airline_name, departure, arrival, duration, price, origin_city, city_id) values (24, 'AeroStream', '2025-09-13 18:31:55', '2025-09-13 23:31:55', 5, 2278.36, 'Osieczany', '15');
insert into flights (flight_id, airline_name, departure, arrival, duration, price, origin_city, city_id) values (25, 'Cloud9 Air', '2025-01-20 18:44:23', '2025-01-21 05:44:23', 11, 2339.79, '20 de Noviembre', '37');
insert into flights (flight_id, airline_name, departure, arrival, duration, price, origin_city, city_id) values (26, 'Starlight Airways', '2025-11-01 05:10:52', '2025-11-01 10:10:52', 5, 1996.69, 'Hezhi', '14');
insert into flights (flight_id, airline_name, departure, arrival, duration, price, origin_city, city_id) values (27, 'AeroStream', '2025-12-06 11:11:24', '2025-12-06 12:11:24', 1, 797.93, 'Fajões', '1');
insert into flights (flight_id, airline_name, departure, arrival, duration, price, origin_city, city_id) values (28, 'Sunset Air', '2025-12-24 22:20:32', '2025-12-25 03:20:32', 5, 2468.96, 'Fuzhuang', '4');
insert into flights (flight_id, airline_name, departure, arrival, duration, price, origin_city, city_id) values (29, 'AeroStream', '2025-11-15 01:07:45', '2025-11-15 13:07:45', 12, 561.51, 'Gaosheng', '12');
insert into flights (flight_id, airline_name, departure, arrival, duration, price, origin_city, city_id) values (30, 'AirWave Express', '2025-05-02 23:55:24', '2025-05-03 03:55:24', 4, 696.36, 'Ennery', '29');
insert into flights (flight_id, airline_name, departure, arrival, duration, price, origin_city, city_id) values (31, 'AeroStream', '2025-08-07 01:29:55', '2025-08-07 03:29:55', 2, 1153.95, 'Shuangyang', '8');
insert into flights (flight_id, airline_name, departure, arrival, duration, price, origin_city, city_id) values (32, 'AeroStream', '2025-07-09 16:32:40', '2025-07-09 23:32:40', 7, 493.54, 'Toamasina', '27');
insert into flights (flight_id, airline_name, departure, arrival, duration, price, origin_city, city_id) values (33, 'AeroStream', '2025-10-19 14:30:46', '2025-10-20 01:30:46', 11, 373.03, 'Alepoú', '19');
insert into flights (flight_id, airline_name, departure, arrival, duration, price, origin_city, city_id) values (34, 'Cloud9 Air', '2025-12-13 10:22:31', '2025-12-13 16:22:31', 6, 37.91, 'Jbaïl', '25');
insert into flights (flight_id, airline_name, departure, arrival, duration, price, origin_city, city_id) values (35, 'Cloud9 Air', '2025-02-23 10:20:56', '2025-02-23 19:20:56', 9, 1863.02, 'Cosmópolis', '36');
insert into flights (flight_id, airline_name, departure, arrival, duration, price, origin_city, city_id) values (36, 'FlyHigh Airlines', '2025-07-25 14:48:30', '2025-07-25 15:48:30', 1, 2288.55, 'Áno Kastrítsion', '39');
insert into flights (flight_id, airline_name, departure, arrival, duration, price, origin_city, city_id) values (37, 'Skyline Airlines', '2025-02-01 02:53:59', '2025-02-01 03:53:59', 1, 1625.49, 'Panjing', '18');
insert into flights (flight_id, airline_name, departure, arrival, duration, price, origin_city, city_id) values (38, 'Sunset Air', '2025-06-29 01:40:18', '2025-06-29 02:40:18', 1, 2108.71, 'Merke', '31');
insert into flights (flight_id, airline_name, departure, arrival, duration, price, origin_city, city_id) values (39, 'SilverWing Airlines', '2025-04-28 23:00:27', '2025-04-29 04:00:27', 5, 442.73, 'Loreto', '28');
insert into flights (flight_id, airline_name, departure, arrival, duration, price, origin_city, city_id) values (40, 'SilverWing Airlines', '2025-07-06 22:57:35', '2025-07-07 03:57:35', 5, 953.4, 'Gary', '6');

use getawayguru;

insert into promotions (code, name, discount_amount, terms_and_conditions, marketing_campaign_id) values (1, 'Last Chance Clearance', 134.17, 'By participating in this promotion', '8');
insert into promotions (code, name, discount_amount, terms_and_conditions, marketing_campaign_id) values (2, 'Valentine''s Day Specials', 66.28, 'Promotion valid for a limited time only. Terms and conditions apply.', '2');
insert into promotions (code, name, discount_amount, terms_and_conditions, marketing_campaign_id) values (3, 'Spooky Halloween Sale', 125.04, 'Promotion valid for a limited time only. Terms and conditions apply.', '4');
insert into promotions (code, name, discount_amount, terms_and_conditions, marketing_campaign_id) values (4, 'Anniversary Celebration', 80.65, 'By participating in this promotion', '17');
insert into promotions (code, name, discount_amount, terms_and_conditions, marketing_campaign_id) values (5, 'Cyber Monday Madness', 51.9, 'Promotion valid for a limited time only. Terms and conditions apply.', '11');
insert into promotions (code, name, discount_amount, terms_and_conditions, marketing_campaign_id) values (6, 'St. Patrick''s Day Sale', 111.49, 'Promotion valid for a limited time only. Terms and conditions apply.', '14');
insert into promotions (code, name, discount_amount, terms_and_conditions, marketing_campaign_id) values (7, 'Sizzling Summer Savings', 61.02, 'Promotion valid for a limited time only. Terms and conditions apply.', '27');
insert into promotions (code, name, discount_amount, terms_and_conditions, marketing_campaign_id) values (8, 'Valentine''s Day Specials', 130.68, 'Promotion valid for a limited time only. Terms and conditions apply.', '40');
insert into promotions (code, name, discount_amount, terms_and_conditions, marketing_campaign_id) values (9, 'Spring Fling Sale', 128.55, 'Promotion valid for a limited time only. Terms and conditions apply.', '26');
insert into promotions (code, name, discount_amount, terms_and_conditions, marketing_campaign_id) values (10, 'Anniversary Celebration', 146.46, 'you agree to the terms and conditions outlined.', '18');
insert into promotions (code, name, discount_amount, terms_and_conditions, marketing_campaign_id) values (11, 'Buy One Get One Free', 130.45, 'By participating in this promotion', '19');
insert into promotions (code, name, discount_amount, terms_and_conditions, marketing_campaign_id) values (12, 'Independence Day Sale', 73.8, 'Promotion valid for a limited time only. Terms and conditions apply.', '38');
insert into promotions (code, name, discount_amount, terms_and_conditions, marketing_campaign_id) values (13, 'End of Season Clearance', 77.49, 'By participating in this promotion', '9');
insert into promotions (code, name, discount_amount, terms_and_conditions, marketing_campaign_id) values (14, 'Thanksgiving Treats Sale', 138.85, 'Promotion valid for a limited time only. Terms and conditions apply.', '32');
insert into promotions (code, name, discount_amount, terms_and_conditions, marketing_campaign_id) values (15, 'Mega Markdown Event', 119.36, 'you agree to the terms and conditions outlined.', '16');
insert into promotions (code, name, discount_amount, terms_and_conditions, marketing_campaign_id) values (16, 'Mega Markdown Event', 80.43, 'By participating in this promotion', '28');
insert into promotions (code, name, discount_amount, terms_and_conditions, marketing_campaign_id) values (17, 'Anniversary Celebration', 98.77, 'Offer subject to change without notice. See full terms and conditions for details.', '20');
insert into promotions (code, name, discount_amount, terms_and_conditions, marketing_campaign_id) values (18, 'Spooky Halloween Sale', 113.7, 'Promotion valid for a limited time only. Terms and conditions apply.', '31');
insert into promotions (code, name, discount_amount, terms_and_conditions, marketing_campaign_id) values (19, 'Memorial Day Madness', 85.75, 'you agree to the terms and conditions outlined.', '21');
insert into promotions (code, name, discount_amount, terms_and_conditions, marketing_campaign_id) values (20, 'Holiday Bonanza', 61.01, 'Offer subject to change without notice. See full terms and conditions for details.', '23');
insert into promotions (code, name, discount_amount, terms_and_conditions, marketing_campaign_id) values (21, 'Spring Fling Sale', 120.79, 'Offer subject to change without notice. See full terms and conditions for details.', '35');
insert into promotions (code, name, discount_amount, terms_and_conditions, marketing_campaign_id) values (22, 'Extra Savings Extravaganza', 51.53, 'you agree to the terms and conditions outlined.', '12');
insert into promotions (code, name, discount_amount, terms_and_conditions, marketing_campaign_id) values (23, 'Customer Appreciation Day', 77.07, 'By participating in this promotion', '33');
insert into promotions (code, name, discount_amount, terms_and_conditions, marketing_campaign_id) values (24, 'Anniversary Celebration', 65.34, 'By participating in this promotion', '29');
insert into promotions (code, name, discount_amount, terms_and_conditions, marketing_campaign_id) values (25, 'Labor Day Blowout', 89.07, 'By participating in this promotion', '6');
insert into promotions (code, name, discount_amount, terms_and_conditions, marketing_campaign_id) values (26, 'Labor Day Blowout', 98.96, 'Promotion valid for a limited time only. Terms and conditions apply.', '30');
insert into promotions (code, name, discount_amount, terms_and_conditions, marketing_campaign_id) values (27, 'Super Sale', 64.55, 'Promotion valid for a limited time only. Terms and conditions apply.', '15');
insert into promotions (code, name, discount_amount, terms_and_conditions, marketing_campaign_id) values (28, 'Extra Savings Extravaganza', 100.86, 'By participating in this promotion', '5');
insert into promotions (code, name, discount_amount, terms_and_conditions, marketing_campaign_id) values (29, 'Spooky Halloween Sale', 70.65, 'Offer subject to change without notice. See full terms and conditions for details.', '7');
insert into promotions (code, name, discount_amount, terms_and_conditions, marketing_campaign_id) values (30, 'Super Sale', 78.69, 'Offer subject to change without notice. See full terms and conditions for details.', '3');
insert into promotions (code, name, discount_amount, terms_and_conditions, marketing_campaign_id) values (31, 'Summer Solstice Sale', 71.64, 'you agree to the terms and conditions outlined.', '24');
insert into promotions (code, name, discount_amount, terms_and_conditions, marketing_campaign_id) values (32, 'Mega Markdown Event', 111.44, 'you agree to the terms and conditions outlined.', '39');
insert into promotions (code, name, discount_amount, terms_and_conditions, marketing_campaign_id) values (33, 'Grand Opening Sale', 107.34, 'you agree to the terms and conditions outlined.', '36');
insert into promotions (code, name, discount_amount, terms_and_conditions, marketing_campaign_id) values (34, 'Back to School Special', 84.56, 'By participating in this promotion', '1');
insert into promotions (code, name, discount_amount, terms_and_conditions, marketing_campaign_id) values (35, 'Sizzling Summer Savings', 70.43, 'By participating in this promotion', '10');
insert into promotions (code, name, discount_amount, terms_and_conditions, marketing_campaign_id) values (36, 'Memorial Day Madness', 61.45, 'Promotion valid for a limited time only. Terms and conditions apply.', '37');
insert into promotions (code, name, discount_amount, terms_and_conditions, marketing_campaign_id) values (37, 'Fall Harvest Sale', 53.69, 'Offer subject to change without notice. See full terms and conditions for details.', '13');
insert into promotions (code, name, discount_amount, terms_and_conditions, marketing_campaign_id) values (38, 'Early Bird Special', 106.29, 'By participating in this promotion', '25');
insert into promotions (code, name, discount_amount, terms_and_conditions, marketing_campaign_id) values (39, 'Spring Fling Sale', 50.8, 'By participating in this promotion', '22');
insert into promotions (code, name, discount_amount, terms_and_conditions, marketing_campaign_id) values (40, 'Midnight Madness', 134.69, 'you agree to the terms and conditions outlined.', '34');

use getawayguru;

insert into ads (id, description, type, budget, terms_and_conditions, marketing_campaign_id) values (1, 'Funky warehouse conversion with industrial vibes', 'video', 52.72, 'Offer subject to change without notice. See full terms and conditions for details.', '18');
insert into ads (id, description, type, budget, terms_and_conditions, marketing_campaign_id) values (2, 'Historic mansion with beautiful gardens', 'sponsored content', 2057.25, 'Promotion valid for a limited time only. Terms and conditions apply.', '23');
insert into ads (id, description, type, budget, terms_and_conditions, marketing_campaign_id) values (3, 'Bohemian-style yurt in a peaceful meadow', 'overlay', 1102.99, 'you agree to the terms and conditions outlined.', '22');
insert into ads (id, description, type, budget, terms_and_conditions, marketing_campaign_id) values (4, 'Scenic vineyard cottage with wine tasting tours', 'overlay', 1627.03, 'Offer subject to change without notice. See full terms and conditions for details.', '6');
insert into ads (id, description, type, budget, terms_and_conditions, marketing_campaign_id) values (5, 'Retro-inspired apartment with a funky vibe', 'pop-up', 1230.33, 'Offer subject to change without notice. See full terms and conditions for details.', '11');
insert into ads (id, description, type, budget, terms_and_conditions, marketing_campaign_id) values (6, 'Bohemian-style yurt in a peaceful meadow', 'search engine', 1487.54, 'Offer subject to change without notice. See full terms and conditions for details.', '8');
insert into ads (id, description, type, budget, terms_and_conditions, marketing_campaign_id) values (7, 'Historic mansion with beautiful gardens', 'search engine', 2486.51, 'you agree to the terms and conditions outlined.', '16');
insert into ads (id, description, type, budget, terms_and_conditions, marketing_campaign_id) values (8, 'Traditional chalet in the mountains', 'native', 1282.09, 'By participating in this promotion', '9');
insert into ads (id, description, type, budget, terms_and_conditions, marketing_campaign_id) values (9, 'Tranquil lakeside cabin for fishing and boating', 'native', 187.47, 'Offer subject to change without notice. See full terms and conditions for details.', '12');
insert into ads (id, description, type, budget, terms_and_conditions, marketing_campaign_id) values (10, 'Historic mansion with beautiful gardens', 'email', 1554.16, 'you agree to the terms and conditions outlined.', '17');
insert into ads (id, description, type, budget, terms_and_conditions, marketing_campaign_id) values (11, 'Sunny beach house steps away from the sand', 'overlay', 61.32, 'By participating in this promotion', '20');
insert into ads (id, description, type, budget, terms_and_conditions, marketing_campaign_id) values (12, 'Sleek studio in a trendy urban area', 'sponsored content', 254.76, 'By participating in this promotion', '34');
insert into ads (id, description, type, budget, terms_and_conditions, marketing_campaign_id) values (13, 'Unique houseboat on a tranquil lake', 'interstitial', 2250.27, 'you agree to the terms and conditions outlined.', '15');
insert into ads (id, description, type, budget, terms_and_conditions, marketing_campaign_id) values (14, 'Artistic loft in a creative community', 'banner', 1628.46, 'you agree to the terms and conditions outlined.', '7');
insert into ads (id, description, type, budget, terms_and_conditions, marketing_campaign_id) values (15, 'Quaint bungalow near the beach', 'sponsored content', 629.47, 'By participating in this promotion', '25');
insert into ads (id, description, type, budget, terms_and_conditions, marketing_campaign_id) values (16, 'Rustic farmhouse surrounded by nature', 'social media', 2039.75, 'By participating in this promotion', '32');
insert into ads (id, description, type, budget, terms_and_conditions, marketing_campaign_id) values (17, 'Tropical paradise villa with a private beach', 'sponsored content', 413.21, 'Promotion valid for a limited time only. Terms and conditions apply.', '37');
insert into ads (id, description, type, budget, terms_and_conditions, marketing_campaign_id) values (18, 'Luxurious beachfront villa with stunning ocean views', 'search engine', 272.46, 'Offer subject to change without notice. See full terms and conditions for details.', '26');
insert into ads (id, description, type, budget, terms_and_conditions, marketing_campaign_id) values (19, 'Chic tiny house with modern amenities', 'search engine', 1667.45, 'Offer subject to change without notice. See full terms and conditions for details.', '13');
insert into ads (id, description, type, budget, terms_and_conditions, marketing_campaign_id) values (20, 'Mountain chalet with ski-in/ski-out access', 'banner', 1013.21, 'Promotion valid for a limited time only. Terms and conditions apply.', '33');
insert into ads (id, description, type, budget, terms_and_conditions, marketing_campaign_id) values (21, 'Serene retreat with a private pool', 'social media', 2439.11, 'By participating in this promotion', '21');
insert into ads (id, description, type, budget, terms_and_conditions, marketing_campaign_id) values (22, 'Historic lighthouse keeper''s cottage with sea views', 'video', 15.6, 'Offer subject to change without notice. See full terms and conditions for details.', '30');
insert into ads (id, description, type, budget, terms_and_conditions, marketing_campaign_id) values (23, 'Sustainable eco-lodge in a remote location', 'social media', 2244.46, 'Promotion valid for a limited time only. Terms and conditions apply.', '27');
insert into ads (id, description, type, budget, terms_and_conditions, marketing_campaign_id) values (24, 'Tranquil lakeside cabin for fishing and boating', 'interstitial', 2203.62, 'Promotion valid for a limited time only. Terms and conditions apply.', '35');
insert into ads (id, description, type, budget, terms_and_conditions, marketing_campaign_id) values (25, 'Sunny beach house steps away from the sand', 'social media', 2468.58, 'By participating in this promotion', '31');
insert into ads (id, description, type, budget, terms_and_conditions, marketing_campaign_id) values (26, 'Bohemian-style yurt in a peaceful meadow', 'search engine', 62.65, 'you agree to the terms and conditions outlined.', '1');
insert into ads (id, description, type, budget, terms_and_conditions, marketing_campaign_id) values (27, 'Cozy mountain cabin perfect for a weekend getaway', 'video', 2234.88, 'you agree to the terms and conditions outlined.', '28');
insert into ads (id, description, type, budget, terms_and_conditions, marketing_campaign_id) values (28, 'Cozy mountain cabin perfect for a weekend getaway', 'banner', 285.79, 'Offer subject to change without notice. See full terms and conditions for details.', '19');
insert into ads (id, description, type, budget, terms_and_conditions, marketing_campaign_id) values (29, 'Historic mansion with beautiful gardens', 'video', 2104.83, 'you agree to the terms and conditions outlined.', '29');
insert into ads (id, description, type, budget, terms_and_conditions, marketing_campaign_id) values (30, 'Mountain chalet with ski-in/ski-out access', 'video', 1619.42, 'Promotion valid for a limited time only. Terms and conditions apply.', '38');
insert into ads (id, description, type, budget, terms_and_conditions, marketing_campaign_id) values (31, 'Family-friendly farmhouse with a petting zoo', 'native', 141.86, 'Offer subject to change without notice. See full terms and conditions for details.', '5');
insert into ads (id, description, type, budget, terms_and_conditions, marketing_campaign_id) values (32, 'Serene retreat with a private pool', 'email', 2251.52, 'Offer subject to change without notice. See full terms and conditions for details.', '36');
insert into ads (id, description, type, budget, terms_and_conditions, marketing_campaign_id) values (33, 'Mountain chalet with ski-in/ski-out access', 'email', 1482.37, 'Offer subject to change without notice. See full terms and conditions for details.', '39');
insert into ads (id, description, type, budget, terms_and_conditions, marketing_campaign_id) values (34, 'Minimalist design studio in a bustling city', 'sponsored content', 743.35, 'you agree to the terms and conditions outlined.', '4');
insert into ads (id, description, type, budget, terms_and_conditions, marketing_campaign_id) values (35, 'Funky warehouse conversion with industrial vibes', 'social media', 603.34, 'Promotion valid for a limited time only. Terms and conditions apply.', '3');
insert into ads (id, description, type, budget, terms_and_conditions, marketing_campaign_id) values (36, 'Luxurious beachfront villa with stunning ocean views', 'pop-up', 127.59, 'Offer subject to change without notice. See full terms and conditions for details.', '40');
insert into ads (id, description, type, budget, terms_and_conditions, marketing_campaign_id) values (37, 'Artistic loft in a creative community', 'social media', 737.91, 'Promotion valid for a limited time only. Terms and conditions apply.', '14');
insert into ads (id, description, type, budget, terms_and_conditions, marketing_campaign_id) values (38, 'Modern apartment in a vibrant neighborhood', 'pop-up', 1024.12, 'By participating in this promotion', '10');
insert into ads (id, description, type, budget, terms_and_conditions, marketing_campaign_id) values (39, 'Quirky geodesic dome for a unique stay', 'overlay', 1146.73, 'you agree to the terms and conditions outlined.', '2');
insert into ads (id, description, type, budget, terms_and_conditions, marketing_campaign_id) values (40, 'Cozy mountain cabin perfect for a weekend getaway', 'video', 2135.81, 'Offer subject to change without notice. See full terms and conditions for details.', '24');

use getawayguru;

insert into tracks (tracked_id, trackee_id) values ('38', '38');
insert into tracks (tracked_id, trackee_id) values ('23', '7');
insert into tracks (tracked_id, trackee_id) values ('25', '9');
insert into tracks (tracked_id, trackee_id) values ('31', '24');
insert into tracks (tracked_id, trackee_id) values ('12', '33');
insert into tracks (tracked_id, trackee_id) values ('4', '8');
insert into tracks (tracked_id, trackee_id) values ('2', '35');
insert into tracks (tracked_id, trackee_id) values ('34', '13');
insert into tracks (tracked_id, trackee_id) values ('39', '26');
insert into tracks (tracked_id, trackee_id) values ('15', '3');
insert into tracks (tracked_id, trackee_id) values ('30', '5');
insert into tracks (tracked_id, trackee_id) values ('28', '23');
insert into tracks (tracked_id, trackee_id) values ('26', '27');
insert into tracks (tracked_id, trackee_id) values ('22', '40');
insert into tracks (tracked_id, trackee_id) values ('10', '32');
insert into tracks (tracked_id, trackee_id) values ('27', '37');
insert into tracks (tracked_id, trackee_id) values ('36', '36');
insert into tracks (tracked_id, trackee_id) values ('37', '22');
insert into tracks (tracked_id, trackee_id) values ('17', '18');
insert into tracks (tracked_id, trackee_id) values ('7', '6');
insert into tracks (tracked_id, trackee_id) values ('21', '15');
insert into tracks (tracked_id, trackee_id) values ('1', '4');
insert into tracks (tracked_id, trackee_id) values ('13', '19');
insert into tracks (tracked_id, trackee_id) values ('19', '17');
insert into tracks (tracked_id, trackee_id) values ('16', '31');
insert into tracks (tracked_id, trackee_id) values ('35', '34');
insert into tracks (tracked_id, trackee_id) values ('6', '11');
insert into tracks (tracked_id, trackee_id) values ('8', '12');
insert into tracks (tracked_id, trackee_id) values ('20', '25');
insert into tracks (tracked_id, trackee_id) values ('40', '16');
insert into tracks (tracked_id, trackee_id) values ('11', '14');
insert into tracks (tracked_id, trackee_id) values ('9', '29');
insert into tracks (tracked_id, trackee_id) values ('29', '21');
insert into tracks (tracked_id, trackee_id) values ('33', '2');
insert into tracks (tracked_id, trackee_id) values ('3', '20');
insert into tracks (tracked_id, trackee_id) values ('24', '10');
insert into tracks (tracked_id, trackee_id) values ('32', '28');
insert into tracks (tracked_id, trackee_id) values ('18', '1');
insert into tracks (tracked_id, trackee_id) values ('14', '30');
insert into tracks (tracked_id, trackee_id) values ('5', '39');
insert into tracks (tracked_id, trackee_id) values ('12', '40');
insert into tracks (tracked_id, trackee_id) values ('35', '28');
insert into tracks (tracked_id, trackee_id) values ('26', '38');
insert into tracks (tracked_id, trackee_id) values ('36', '2');
insert into tracks (tracked_id, trackee_id) values ('1', '32');
insert into tracks (tracked_id, trackee_id) values ('8', '39');
insert into tracks (tracked_id, trackee_id) values ('16', '4');
insert into tracks (tracked_id, trackee_id) values ('38', '22');
insert into tracks (tracked_id, trackee_id) values ('15', '23');
insert into tracks (tracked_id, trackee_id) values ('39', '5');
insert into tracks (tracked_id, trackee_id) values ('38', '34');
insert into tracks (tracked_id, trackee_id) values ('20', '37');
insert into tracks (tracked_id, trackee_id) values ('13', '24');
insert into tracks (tracked_id, trackee_id) values ('30', '10');
insert into tracks (tracked_id, trackee_id) values ('27', '17');
insert into tracks (tracked_id, trackee_id) values ('10', '11');
insert into tracks (tracked_id, trackee_id) values ('18', '3');
insert into tracks (tracked_id, trackee_id) values ('9', '6');
insert into tracks (tracked_id, trackee_id) values ('7', '18');
insert into tracks (tracked_id, trackee_id) values ('17', '1');
insert into tracks (tracked_id, trackee_id) values ('6', '33');
insert into tracks (tracked_id, trackee_id) values ('28', '30');
insert into tracks (tracked_id, trackee_id) values ('2', '13');
insert into tracks (tracked_id, trackee_id) values ('5', '12');
insert into tracks (tracked_id, trackee_id) values ('14', '9');
insert into tracks (tracked_id, trackee_id) values ('11', '27');
insert into tracks (tracked_id, trackee_id) values ('3', '15');
insert into tracks (tracked_id, trackee_id) values ('22', '35');
insert into tracks (tracked_id, trackee_id) values ('4', '7');
insert into tracks (tracked_id, trackee_id) values ('32', '21');
insert into tracks (tracked_id, trackee_id) values ('34', '19');
insert into tracks (tracked_id, trackee_id) values ('21', '8');
insert into tracks (tracked_id, trackee_id) values ('23', '36');
insert into tracks (tracked_id, trackee_id) values ('40', '31');
insert into tracks (tracked_id, trackee_id) values ('25', '14');
insert into tracks (tracked_id, trackee_id) values ('24', '26');
insert into tracks (tracked_id, trackee_id) values ('19', '29');
insert into tracks (tracked_id, trackee_id) values ('31', '20');
insert into tracks (tracked_id, trackee_id) values ('33', '25');
insert into tracks (tracked_id, trackee_id) values ('29', '16');
insert into tracks (tracked_id, trackee_id) values ('38', '35');
insert into tracks (tracked_id, trackee_id) values ('1', '34');
insert into tracks (tracked_id, trackee_id) values ('33', '37');
insert into tracks (tracked_id, trackee_id) values ('19', '8');
insert into tracks (tracked_id, trackee_id) values ('10', '9');
insert into tracks (tracked_id, trackee_id) values ('28', '10');
insert into tracks (tracked_id, trackee_id) values ('15', '28');
insert into tracks (tracked_id, trackee_id) values ('8', '5');
insert into tracks (tracked_id, trackee_id) values ('5', '11');
insert into tracks (tracked_id, trackee_id) values ('35', '19');
insert into tracks (tracked_id, trackee_id) values ('29', '6');
insert into tracks (tracked_id, trackee_id) values ('31', '23');
insert into tracks (tracked_id, trackee_id) values ('13', '14');
insert into tracks (tracked_id, trackee_id) values ('26', '13');
insert into tracks (tracked_id, trackee_id) values ('39', '32');
insert into tracks (tracked_id, trackee_id) values ('24', '2');
insert into tracks (tracked_id, trackee_id) values ('17', '31');
insert into tracks (tracked_id, trackee_id) values ('25', '27');
insert into tracks (tracked_id, trackee_id) values ('32', '30');
insert into tracks (tracked_id, trackee_id) values ('9', '12');

use getawayguru;

insert into city_clicks (city_click_id, city, country, clicked_at, city_id, user_id) values (1, 'Velké Svatoňovice', 'Czech Republic', '2024-09-17 21:32:06', '18', '28');
insert into city_clicks (city_click_id, city, country, clicked_at, city_id, user_id) values (2, 'Quisqueya', 'Dominican Republic', '2024-09-05 07:23:30', '37', '32');
insert into city_clicks (city_click_id, city, country, clicked_at, city_id, user_id) values (3, 'Nagarakembang', 'Indonesia', '2025-07-05 05:10:28', '5', '33');
insert into city_clicks (city_click_id, city, country, clicked_at, city_id, user_id) values (4, 'Jaša Tomić', 'Serbia', '2025-06-10 12:04:59', '19', '34');
insert into city_clicks (city_click_id, city, country, clicked_at, city_id, user_id) values (5, 'Rāvar', 'Iran', '2024-08-25 12:54:34', '2', '39');
insert into city_clicks (city_click_id, city, country, clicked_at, city_id, user_id) values (6, 'Dasi', 'China', '2025-06-22 08:43:11', '17', '25');
insert into city_clicks (city_click_id, city, country, clicked_at, city_id, user_id) values (7, 'Krahës', 'Albania', '2025-03-26 10:17:30', '35', '40');
insert into city_clicks (city_click_id, city, country, clicked_at, city_id, user_id) values (8, 'Huddinge', 'Sweden', '2025-06-19 00:42:47', '15', '29');
insert into city_clicks (city_click_id, city, country, clicked_at, city_id, user_id) values (9, 'Menggusi', 'China', '2025-05-24 11:14:45', '14', '9');
insert into city_clicks (city_click_id, city, country, clicked_at, city_id, user_id) values (10, 'Pupiales', 'Colombia', '2025-07-21 18:48:08', '11', '16');
insert into city_clicks (city_click_id, city, country, clicked_at, city_id, user_id) values (11, 'Tsubata', 'Japan', '2025-05-25 13:36:32', '20', '3');
insert into city_clicks (city_click_id, city, country, clicked_at, city_id, user_id) values (12, 'Baiguo', 'China', '2025-08-04 20:27:16', '6', '2');
insert into city_clicks (city_click_id, city, country, clicked_at, city_id, user_id) values (13, 'Fanrong', 'China', '2025-07-15 06:03:28', '38', '19');
insert into city_clicks (city_click_id, city, country, clicked_at, city_id, user_id) values (14, 'Itaporanga', 'Brazil', '2025-06-26 07:58:56', '34', '6');
insert into city_clicks (city_click_id, city, country, clicked_at, city_id, user_id) values (15, 'Bayanan', 'Philippines', '2025-07-26 10:48:19', '16', '38');
insert into city_clicks (city_click_id, city, country, clicked_at, city_id, user_id) values (16, 'Hepang', 'Indonesia', '2025-08-05 21:48:58', '32', '24');
insert into city_clicks (city_click_id, city, country, clicked_at, city_id, user_id) values (17, 'Azul', 'Argentina', '2025-07-19 05:05:03', '21', '26');
insert into city_clicks (city_click_id, city, country, clicked_at, city_id, user_id) values (18, 'Palmira', 'Colombia', '2024-08-25 02:36:33', '27', '17');
insert into city_clicks (city_click_id, city, country, clicked_at, city_id, user_id) values (19, 'Chur', 'Switzerland', '2025-02-06 08:39:00', '3', '14');
insert into city_clicks (city_click_id, city, country, clicked_at, city_id, user_id) values (20, 'Martingança-Gare', 'Portugal', '2025-01-30 12:58:43', '30', '23');
insert into city_clicks (city_click_id, city, country, clicked_at, city_id, user_id) values (21, 'Hroznětín', 'Czech Republic', '2024-11-25 06:02:00', '26', '1');
insert into city_clicks (city_click_id, city, country, clicked_at, city_id, user_id) values (22, 'Kenamoen', 'Indonesia', '2024-09-03 15:18:39', '24', '30');
insert into city_clicks (city_click_id, city, country, clicked_at, city_id, user_id) values (23, 'Kouango', 'Central African Republic', '2025-07-08 20:56:07', '9', '27');
insert into city_clicks (city_click_id, city, country, clicked_at, city_id, user_id) values (24, 'T’ianet’i', 'Georgia', '2025-03-26 19:42:38', '25', '10');
insert into city_clicks (city_click_id, city, country, clicked_at, city_id, user_id) values (25, 'Tidaholm', 'Sweden', '2025-05-09 18:53:44', '12', '11');
insert into city_clicks (city_click_id, city, country, clicked_at, city_id, user_id) values (26, 'Trondheim', 'Norway', '2024-10-27 19:15:40', '22', '13');
insert into city_clicks (city_click_id, city, country, clicked_at, city_id, user_id) values (27, 'Nkoteng', 'Cameroon', '2024-10-31 20:14:50', '28', '21');
insert into city_clicks (city_click_id, city, country, clicked_at, city_id, user_id) values (28, 'El Hamma', 'Tunisia', '2025-05-14 14:24:23', '40', '7');
insert into city_clicks (city_click_id, city, country, clicked_at, city_id, user_id) values (29, 'Cabreúva', 'Brazil', '2025-04-21 18:13:37', '36', '20');
insert into city_clicks (city_click_id, city, country, clicked_at, city_id, user_id) values (30, 'São Pedro', 'Portugal', '2024-10-04 09:18:32', '33', '15');
insert into city_clicks (city_click_id, city, country, clicked_at, city_id, user_id) values (31, 'Tumbes', 'Peru', '2025-03-26 10:32:50', '31', '35');
insert into city_clicks (city_click_id, city, country, clicked_at, city_id, user_id) values (32, 'Kuafeu', 'Indonesia', '2025-01-20 00:49:53', '29', '8');
insert into city_clicks (city_click_id, city, country, clicked_at, city_id, user_id) values (33, 'Buenavista', 'Philippines', '2025-07-29 15:05:18', '13', '37');
insert into city_clicks (city_click_id, city, country, clicked_at, city_id, user_id) values (34, 'Huamali', 'Peru', '2025-04-17 06:40:08', '10', '5');
insert into city_clicks (city_click_id, city, country, clicked_at, city_id, user_id) values (35, 'Shajing', 'China', '2024-09-28 19:45:56', '23', '31');
insert into city_clicks (city_click_id, city, country, clicked_at, city_id, user_id) values (36, 'Currais', 'Portugal', '2025-03-13 01:42:48', '7', '36');
insert into city_clicks (city_click_id, city, country, clicked_at, city_id, user_id) values (37, 'Bruxelles', 'Belgium', '2024-10-03 03:23:38', '1', '18');
insert into city_clicks (city_click_id, city, country, clicked_at, city_id, user_id) values (38, 'Tymoshivka', 'Ukraine', '2025-01-31 12:09:11', '4', '22');
insert into city_clicks (city_click_id, city, country, clicked_at, city_id, user_id) values (39, 'Ḏânan', 'Djibouti', '2024-09-05 12:52:23', '8', '12');
insert into city_clicks (city_click_id, city, country, clicked_at, city_id, user_id) values (40, 'Rejoagung', 'Indonesia', '2025-07-16 06:02:09', '39', '4');
insert into city_clicks (city_click_id, city, country, clicked_at, city_id, user_id) values (41, 'Lons-le-Saunier', 'France', '2025-02-02 03:01:56', '15', '27');
insert into city_clicks (city_click_id, city, country, clicked_at, city_id, user_id) values (42, 'Tamorot', 'Morocco', '2025-08-04 10:41:15', '11', '12');
insert into city_clicks (city_click_id, city, country, clicked_at, city_id, user_id) values (43, 'Krotoszyn', 'Poland', '2025-05-30 17:05:47', '29', '14');
insert into city_clicks (city_click_id, city, country, clicked_at, city_id, user_id) values (44, 'Mỹ Tho', 'Vietnam', '2025-06-09 01:33:18', '27', '34');
insert into city_clicks (city_click_id, city, country, clicked_at, city_id, user_id) values (45, 'Werasari', 'Indonesia', '2025-03-30 13:33:10', '7', '3');
insert into city_clicks (city_click_id, city, country, clicked_at, city_id, user_id) values (46, 'Qalqīlyah', 'Palestinian Territory', '2025-07-24 12:45:40', '39', '16');
insert into city_clicks (city_click_id, city, country, clicked_at, city_id, user_id) values (47, 'Rechka', 'Ukraine', '2025-06-27 10:16:35', '14', '38');
insert into city_clicks (city_click_id, city, country, clicked_at, city_id, user_id) values (48, 'Hermanus', 'South Africa', '2024-10-25 13:12:51', '40', '25');
insert into city_clicks (city_click_id, city, country, clicked_at, city_id, user_id) values (49, 'Airmolek', 'Indonesia', '2025-03-09 21:00:12', '31', '5');
insert into city_clicks (city_click_id, city, country, clicked_at, city_id, user_id) values (50, 'Solna', 'Sweden', '2024-12-15 11:47:02', '24', '10');
insert into city_clicks (city_click_id, city, country, clicked_at, city_id, user_id) values (51, 'Jizhou', 'China', '2024-09-19 23:42:16', '26', '36');
insert into city_clicks (city_click_id, city, country, clicked_at, city_id, user_id) values (52, 'Mākū', 'Iran', '2025-04-02 00:33:11', '1', '8');
insert into city_clicks (city_click_id, city, country, clicked_at, city_id, user_id) values (53, 'Liutan', 'China', '2025-06-24 15:40:12', '13', '29');
insert into city_clicks (city_click_id, city, country, clicked_at, city_id, user_id) values (54, 'Kayl', 'Luxembourg', '2024-11-23 10:55:57', '6', '24');
insert into city_clicks (city_click_id, city, country, clicked_at, city_id, user_id) values (55, 'Chandmanĭ', 'Mongolia', '2025-07-01 23:56:47', '16', '7');
insert into city_clicks (city_click_id, city, country, clicked_at, city_id, user_id) values (56, 'Georgiyevka', 'Russia', '2024-09-11 08:53:37', '10', '33');
insert into city_clicks (city_click_id, city, country, clicked_at, city_id, user_id) values (57, 'Jāmpur', 'Pakistan', '2025-03-04 05:32:46', '32', '9');
insert into city_clicks (city_click_id, city, country, clicked_at, city_id, user_id) values (58, 'Mākū', 'Iran', '2025-04-02 23:02:50', '17', '17');
insert into city_clicks (city_click_id, city, country, clicked_at, city_id, user_id) values (59, 'Dalang', 'China', '2024-12-10 07:18:26', '35', '22');
insert into city_clicks (city_click_id, city, country, clicked_at, city_id, user_id) values (60, 'Buchanan', 'Liberia', '2025-02-02 17:47:34', '21', '21');
insert into city_clicks (city_click_id, city, country, clicked_at, city_id, user_id) values (61, 'Aş Şaff', 'Egypt', '2024-11-11 20:03:59', '28', '39');
insert into city_clicks (city_click_id, city, country, clicked_at, city_id, user_id) values (62, 'El Peñol', 'Colombia', '2025-06-18 11:50:45', '23', '20');
insert into city_clicks (city_click_id, city, country, clicked_at, city_id, user_id) values (63, 'Kudowa-Zdrój', 'Poland', '2024-09-16 10:17:10', '4', '40');
insert into city_clicks (city_click_id, city, country, clicked_at, city_id, user_id) values (64, 'Milano', 'Italy', '2024-11-14 21:14:37', '37', '4');
insert into city_clicks (city_click_id, city, country, clicked_at, city_id, user_id) values (65, 'Labin', 'Croatia', '2025-05-28 08:16:55', '22', '35');
insert into city_clicks (city_click_id, city, country, clicked_at, city_id, user_id) values (66, 'Wan’an', 'China', '2024-12-03 15:40:30', '18', '1');
insert into city_clicks (city_click_id, city, country, clicked_at, city_id, user_id) values (67, 'Ariquemes', 'Brazil', '2024-09-03 05:12:41', '30', '28');
insert into city_clicks (city_click_id, city, country, clicked_at, city_id, user_id) values (68, 'Czarnożyły', 'Poland', '2025-01-31 07:22:05', '9', '32');
insert into city_clicks (city_click_id, city, country, clicked_at, city_id, user_id) values (69, 'Banjar Dauhpura', 'Indonesia', '2025-04-18 03:59:39', '5', '6');
insert into city_clicks (city_click_id, city, country, clicked_at, city_id, user_id) values (70, 'Kidangbang', 'Indonesia', '2024-08-16 14:33:06', '36', '13');
insert into city_clicks (city_click_id, city, country, clicked_at, city_id, user_id) values (71, 'Chicheng', 'China', '2025-03-13 10:21:02', '3', '15');
insert into city_clicks (city_click_id, city, country, clicked_at, city_id, user_id) values (72, 'Pagatan', 'Indonesia', '2025-01-04 01:11:05', '12', '23');
insert into city_clicks (city_click_id, city, country, clicked_at, city_id, user_id) values (73, 'Kavásilas', 'Greece', '2025-03-30 21:52:23', '2', '31');
insert into city_clicks (city_click_id, city, country, clicked_at, city_id, user_id) values (74, 'Labuhan Deli', 'Indonesia', '2024-10-27 09:47:17', '8', '19');
insert into city_clicks (city_click_id, city, country, clicked_at, city_id, user_id) values (75, 'Clarin', 'Philippines', '2024-09-26 12:41:43', '20', '26');
insert into city_clicks (city_click_id, city, country, clicked_at, city_id, user_id) values (76, 'Brandýs nad Labem-Stará Boleslav', 'Czech Republic', '2024-11-14 19:14:57', '25', '30');
insert into city_clicks (city_click_id, city, country, clicked_at, city_id, user_id) values (77, 'Bangluo', 'China', '2024-09-29 15:00:34', '33', '37');
insert into city_clicks (city_click_id, city, country, clicked_at, city_id, user_id) values (78, 'Mūsa Khel Bāzār', 'Pakistan', '2025-07-16 14:03:30', '34', '11');
insert into city_clicks (city_click_id, city, country, clicked_at, city_id, user_id) values (79, 'Oro Timur', 'Indonesia', '2024-10-19 04:03:23', '19', '18');
insert into city_clicks (city_click_id, city, country, clicked_at, city_id, user_id) values (80, 'Rybnoye', 'Russia', '2025-02-13 22:48:46', '38', '2');
insert into city_clicks (city_click_id, city, country, clicked_at, city_id, user_id) values (81, 'Mathba', 'Bangladesh', '2024-08-28 11:40:53', '5', '14');
insert into city_clicks (city_click_id, city, country, clicked_at, city_id, user_id) values (82, 'Largo', 'United States', '2025-03-04 06:35:03', '7', '15');
insert into city_clicks (city_click_id, city, country, clicked_at, city_id, user_id) values (83, 'La Uvita', 'Colombia', '2025-01-26 05:00:21', '36', '4');
insert into city_clicks (city_click_id, city, country, clicked_at, city_id, user_id) values (84, 'Llanera', 'Philippines', '2025-08-04 08:13:08', '29', '35');
insert into city_clicks (city_click_id, city, country, clicked_at, city_id, user_id) values (85, 'Praia do Ribatejo', 'Portugal', '2025-06-19 16:08:03', '15', '34');
insert into city_clicks (city_click_id, city, country, clicked_at, city_id, user_id) values (86, 'Sukhothai', 'Thailand', '2025-03-12 12:07:52', '6', '30');
insert into city_clicks (city_click_id, city, country, clicked_at, city_id, user_id) values (87, 'Lyon', 'France', '2025-05-23 15:16:10', '10', '28');
insert into city_clicks (city_click_id, city, country, clicked_at, city_id, user_id) values (88, 'Sofo-Birnin-Gwari', 'Nigeria', '2024-08-18 09:23:50', '26', '8');
insert into city_clicks (city_click_id, city, country, clicked_at, city_id, user_id) values (89, 'Ruchihe', 'China', '2024-12-27 10:45:02', '31', '13');
insert into city_clicks (city_click_id, city, country, clicked_at, city_id, user_id) values (90, 'Hekou', 'China', '2025-01-10 05:54:24', '8', '36');
insert into city_clicks (city_click_id, city, country, clicked_at, city_id, user_id) values (91, 'Ganjaran', 'Indonesia', '2025-01-26 00:36:15', '28', '10');
insert into city_clicks (city_click_id, city, country, clicked_at, city_id, user_id) values (92, 'Oibioin', 'Indonesia', '2025-03-04 16:44:43', '30', '16');
insert into city_clicks (city_click_id, city, country, clicked_at, city_id, user_id) values (93, 'Xianren', 'China', '2025-03-22 09:27:29', '35', '5');
insert into city_clicks (city_click_id, city, country, clicked_at, city_id, user_id) values (94, 'Nahāvand', 'Iran', '2025-06-07 11:32:55', '1', '1');
insert into city_clicks (city_click_id, city, country, clicked_at, city_id, user_id) values (95, 'Orenburg', 'Russia', '2024-11-09 21:37:24', '39', '26');
insert into city_clicks (city_click_id, city, country, clicked_at, city_id, user_id) values (96, 'Mongaguá', 'Brazil', '2025-06-27 12:32:06', '18', '21');
insert into city_clicks (city_click_id, city, country, clicked_at, city_id, user_id) values (97, 'Fendou', 'China', '2024-11-14 13:06:28', '3', '38');
insert into city_clicks (city_click_id, city, country, clicked_at, city_id, user_id) values (98, 'Almada', 'Portugal', '2025-04-01 12:28:28', '2', '39');
insert into city_clicks (city_click_id, city, country, clicked_at, city_id, user_id) values (99, 'Leuwibuleud', 'Indonesia', '2025-08-05 05:52:05', '4', '25');
insert into city_clicks (city_click_id, city, country, clicked_at, city_id, user_id) values (100, 'Chongru', 'China', '2025-01-02 12:00:47', '19', '37');

use getawayguru;

insert into hotel_clicks (hotel_click_id, click_counter, country, clicked_at, hotel_id, user_id) values (1, 38, 'China', '2025-07-04 12:17:20', '20', '7');
insert into hotel_clicks (hotel_click_id, click_counter, country, clicked_at, hotel_id, user_id) values (2, 21, 'Thailand', '2025-02-02 09:42:57', '31', '30');
insert into hotel_clicks (hotel_click_id, click_counter, country, clicked_at, hotel_id, user_id) values (3, 9, 'Armenia', '2024-09-28 18:05:33', '4', '18');
insert into hotel_clicks (hotel_click_id, click_counter, country, clicked_at, hotel_id, user_id) values (4, 32, 'Indonesia', '2025-05-07 01:06:45', '36', '6');
insert into hotel_clicks (hotel_click_id, click_counter, country, clicked_at, hotel_id, user_id) values (5, 39, 'Iran', '2025-02-22 22:21:28', '7', '28');
insert into hotel_clicks (hotel_click_id, click_counter, country, clicked_at, hotel_id, user_id) values (6, 25, 'United States', '2025-06-23 04:33:12', '29', '19');
insert into hotel_clicks (hotel_click_id, click_counter, country, clicked_at, hotel_id, user_id) values (7, 47, 'Lesotho', '2025-07-25 04:43:09', '21', '20');
insert into hotel_clicks (hotel_click_id, click_counter, country, clicked_at, hotel_id, user_id) values (8, 24, 'Peru', '2025-06-16 04:14:07', '8', '5');
insert into hotel_clicks (hotel_click_id, click_counter, country, clicked_at, hotel_id, user_id) values (9, 35, 'Estonia', '2025-08-05 03:58:05', '26', '10');
insert into hotel_clicks (hotel_click_id, click_counter, country, clicked_at, hotel_id, user_id) values (10, 25, 'Greece', '2024-10-23 19:44:12', '32', '33');
insert into hotel_clicks (hotel_click_id, click_counter, country, clicked_at, hotel_id, user_id) values (11, 47, 'South Africa', '2025-07-23 10:09:55', '18', '29');
insert into hotel_clicks (hotel_click_id, click_counter, country, clicked_at, hotel_id, user_id) values (12, 31, 'Sweden', '2025-01-25 02:17:30', '19', '35');
insert into hotel_clicks (hotel_click_id, click_counter, country, clicked_at, hotel_id, user_id) values (13, 35, 'Indonesia', '2025-02-08 20:02:03', '40', '34');
insert into hotel_clicks (hotel_click_id, click_counter, country, clicked_at, hotel_id, user_id) values (14, 12, 'Russia', '2024-10-25 07:28:16', '2', '36');
insert into hotel_clicks (hotel_click_id, click_counter, country, clicked_at, hotel_id, user_id) values (15, 45, 'Serbia', '2024-11-13 16:48:55', '24', '16');
insert into hotel_clicks (hotel_click_id, click_counter, country, clicked_at, hotel_id, user_id) values (16, 21, 'Brazil', '2025-06-03 01:28:48', '6', '39');
insert into hotel_clicks (hotel_click_id, click_counter, country, clicked_at, hotel_id, user_id) values (17, 1, 'Philippines', '2024-08-27 18:15:52', '27', '25');
insert into hotel_clicks (hotel_click_id, click_counter, country, clicked_at, hotel_id, user_id) values (18, 2, 'Russia', '2025-05-27 00:12:03', '10', '27');
insert into hotel_clicks (hotel_click_id, click_counter, country, clicked_at, hotel_id, user_id) values (19, 11, 'China', '2025-04-01 04:38:35', '15', '14');
insert into hotel_clicks (hotel_click_id, click_counter, country, clicked_at, hotel_id, user_id) values (20, 6, 'Germany', '2025-06-13 08:41:39', '34', '1');
insert into hotel_clicks (hotel_click_id, click_counter, country, clicked_at, hotel_id, user_id) values (21, 43, 'Russia', '2024-08-13 13:11:43', '23', '8');
insert into hotel_clicks (hotel_click_id, click_counter, country, clicked_at, hotel_id, user_id) values (22, 4, 'Mexico', '2025-03-27 03:28:20', '16', '22');
insert into hotel_clicks (hotel_click_id, click_counter, country, clicked_at, hotel_id, user_id) values (23, 30, 'Brazil', '2024-11-03 16:33:03', '30', '32');
insert into hotel_clicks (hotel_click_id, click_counter, country, clicked_at, hotel_id, user_id) values (24, 38, 'United States', '2025-03-04 13:37:49', '35', '3');
insert into hotel_clicks (hotel_click_id, click_counter, country, clicked_at, hotel_id, user_id) values (25, 2, 'China', '2025-01-23 17:21:39', '25', '31');
insert into hotel_clicks (hotel_click_id, click_counter, country, clicked_at, hotel_id, user_id) values (26, 20, 'Poland', '2025-04-15 08:18:19', '1', '38');
insert into hotel_clicks (hotel_click_id, click_counter, country, clicked_at, hotel_id, user_id) values (27, 21, 'China', '2024-11-09 13:27:12', '22', '12');
insert into hotel_clicks (hotel_click_id, click_counter, country, clicked_at, hotel_id, user_id) values (28, 38, 'North Korea', '2025-02-23 16:50:38', '3', '26');
insert into hotel_clicks (hotel_click_id, click_counter, country, clicked_at, hotel_id, user_id) values (29, 11, 'Armenia', '2025-02-07 08:40:00', '9', '11');
insert into hotel_clicks (hotel_click_id, click_counter, country, clicked_at, hotel_id, user_id) values (30, 40, 'Sweden', '2024-11-24 05:18:36', '37', '2');
insert into hotel_clicks (hotel_click_id, click_counter, country, clicked_at, hotel_id, user_id) values (31, 18, 'France', '2024-11-03 07:47:18', '39', '37');
insert into hotel_clicks (hotel_click_id, click_counter, country, clicked_at, hotel_id, user_id) values (32, 21, 'Poland', '2025-06-13 13:24:30', '12', '13');
insert into hotel_clicks (hotel_click_id, click_counter, country, clicked_at, hotel_id, user_id) values (33, 6, 'Indonesia', '2025-03-11 19:12:05', '17', '15');
insert into hotel_clicks (hotel_click_id, click_counter, country, clicked_at, hotel_id, user_id) values (34, 50, 'Philippines', '2025-05-13 23:17:54', '11', '24');
insert into hotel_clicks (hotel_click_id, click_counter, country, clicked_at, hotel_id, user_id) values (35, 8, 'Sweden', '2024-09-05 08:38:15', '5', '40');
insert into hotel_clicks (hotel_click_id, click_counter, country, clicked_at, hotel_id, user_id) values (36, 48, 'Slovenia', '2024-11-28 12:29:55', '14', '21');
insert into hotel_clicks (hotel_click_id, click_counter, country, clicked_at, hotel_id, user_id) values (37, 22, 'Mongolia', '2025-01-05 01:11:42', '28', '23');
insert into hotel_clicks (hotel_click_id, click_counter, country, clicked_at, hotel_id, user_id) values (38, 16, 'Macedonia', '2024-09-13 16:53:30', '33', '4');
insert into hotel_clicks (hotel_click_id, click_counter, country, clicked_at, hotel_id, user_id) values (39, 40, 'China', '2025-02-05 14:03:56', '13', '9');
insert into hotel_clicks (hotel_click_id, click_counter, country, clicked_at, hotel_id, user_id) values (40, 48, 'China', '2025-01-08 05:44:54', '38', '17');
insert into hotel_clicks (hotel_click_id, click_counter, country, clicked_at, hotel_id, user_id) values (41, 23, 'China', '2025-04-14 20:38:51', '17', '18');
insert into hotel_clicks (hotel_click_id, click_counter, country, clicked_at, hotel_id, user_id) values (42, 36, 'Portugal', '2025-08-05 16:29:40', '8', '28');
insert into hotel_clicks (hotel_click_id, click_counter, country, clicked_at, hotel_id, user_id) values (43, 42, 'Nepal', '2025-02-19 15:34:09', '20', '26');
insert into hotel_clicks (hotel_click_id, click_counter, country, clicked_at, hotel_id, user_id) values (44, 27, 'Peru', '2025-06-09 07:25:54', '38', '33');
insert into hotel_clicks (hotel_click_id, click_counter, country, clicked_at, hotel_id, user_id) values (45, 39, 'China', '2025-01-06 04:11:47', '24', '32');
insert into hotel_clicks (hotel_click_id, click_counter, country, clicked_at, hotel_id, user_id) values (46, 17, 'Democratic Republic of the Congo', '2024-09-13 20:37:18', '14', '27');
insert into hotel_clicks (hotel_click_id, click_counter, country, clicked_at, hotel_id, user_id) values (47, 14, 'Brazil', '2025-02-07 03:02:05', '10', '14');
insert into hotel_clicks (hotel_click_id, click_counter, country, clicked_at, hotel_id, user_id) values (48, 32, 'France', '2025-03-31 17:29:16', '29', '22');
insert into hotel_clicks (hotel_click_id, click_counter, country, clicked_at, hotel_id, user_id) values (49, 3, 'France', '2025-06-15 08:58:36', '39', '11');
insert into hotel_clicks (hotel_click_id, click_counter, country, clicked_at, hotel_id, user_id) values (50, 50, 'Russia', '2025-02-27 20:04:46', '36', '24');
insert into hotel_clicks (hotel_click_id, click_counter, country, clicked_at, hotel_id, user_id) values (51, 30, 'Philippines', '2025-05-04 07:49:30', '23', '10');
insert into hotel_clicks (hotel_click_id, click_counter, country, clicked_at, hotel_id, user_id) values (52, 48, 'United States', '2024-12-22 07:53:28', '16', '19');
insert into hotel_clicks (hotel_click_id, click_counter, country, clicked_at, hotel_id, user_id) values (53, 19, 'Yemen', '2025-08-11 21:48:36', '32', '8');
insert into hotel_clicks (hotel_click_id, click_counter, country, clicked_at, hotel_id, user_id) values (54, 11, 'Russia', '2025-07-01 02:19:28', '7', '9');
insert into hotel_clicks (hotel_click_id, click_counter, country, clicked_at, hotel_id, user_id) values (55, 6, 'China', '2024-09-08 10:55:48', '33', '21');
insert into hotel_clicks (hotel_click_id, click_counter, country, clicked_at, hotel_id, user_id) values (56, 46, 'Indonesia', '2025-06-15 18:29:22', '31', '2');
insert into hotel_clicks (hotel_click_id, click_counter, country, clicked_at, hotel_id, user_id) values (57, 6, 'Palestinian Territory', '2024-12-23 21:30:47', '22', '13');
insert into hotel_clicks (hotel_click_id, click_counter, country, clicked_at, hotel_id, user_id) values (58, 12, 'Afghanistan', '2025-04-09 17:24:51', '28', '3');
insert into hotel_clicks (hotel_click_id, click_counter, country, clicked_at, hotel_id, user_id) values (59, 33, 'Indonesia', '2024-08-30 11:56:42', '35', '5');
insert into hotel_clicks (hotel_click_id, click_counter, country, clicked_at, hotel_id, user_id) values (60, 50, 'China', '2025-03-18 02:09:28', '12', '23');
insert into hotel_clicks (hotel_click_id, click_counter, country, clicked_at, hotel_id, user_id) values (61, 27, 'Kazakhstan', '2024-11-22 07:44:58', '19', '35');
insert into hotel_clicks (hotel_click_id, click_counter, country, clicked_at, hotel_id, user_id) values (62, 21, 'China', '2024-09-23 03:52:22', '11', '36');
insert into hotel_clicks (hotel_click_id, click_counter, country, clicked_at, hotel_id, user_id) values (63, 47, 'Poland', '2025-04-02 18:38:28', '15', '1');
insert into hotel_clicks (hotel_click_id, click_counter, country, clicked_at, hotel_id, user_id) values (64, 3, 'China', '2025-03-05 07:16:12', '26', '12');
insert into hotel_clicks (hotel_click_id, click_counter, country, clicked_at, hotel_id, user_id) values (65, 15, 'Indonesia', '2024-11-03 19:52:49', '30', '34');
insert into hotel_clicks (hotel_click_id, click_counter, country, clicked_at, hotel_id, user_id) values (66, 24, 'Brazil', '2025-02-26 06:03:00', '25', '37');
insert into hotel_clicks (hotel_click_id, click_counter, country, clicked_at, hotel_id, user_id) values (67, 33, 'Russia', '2025-07-07 12:28:54', '18', '4');
insert into hotel_clicks (hotel_click_id, click_counter, country, clicked_at, hotel_id, user_id) values (68, 16, 'Syria', '2025-01-25 21:03:22', '4', '38');
insert into hotel_clicks (hotel_click_id, click_counter, country, clicked_at, hotel_id, user_id) values (69, 14, 'Russia', '2024-12-13 05:27:26', '34', '29');
insert into hotel_clicks (hotel_click_id, click_counter, country, clicked_at, hotel_id, user_id) values (70, 34, 'Tajikistan', '2025-07-31 11:38:39', '6', '16');
insert into hotel_clicks (hotel_click_id, click_counter, country, clicked_at, hotel_id, user_id) values (71, 21, 'China', '2025-06-15 11:43:50', '9', '40');
insert into hotel_clicks (hotel_click_id, click_counter, country, clicked_at, hotel_id, user_id) values (72, 38, 'Egypt', '2024-09-06 23:28:56', '2', '39');
insert into hotel_clicks (hotel_click_id, click_counter, country, clicked_at, hotel_id, user_id) values (73, 40, 'Vietnam', '2025-05-31 10:04:43', '1', '20');
insert into hotel_clicks (hotel_click_id, click_counter, country, clicked_at, hotel_id, user_id) values (74, 36, 'Russia', '2025-01-01 20:14:50', '37', '17');
insert into hotel_clicks (hotel_click_id, click_counter, country, clicked_at, hotel_id, user_id) values (75, 32, 'Thailand', '2025-01-22 18:31:03', '3', '7');
insert into hotel_clicks (hotel_click_id, click_counter, country, clicked_at, hotel_id, user_id) values (76, 14, 'China', '2024-12-02 11:47:40', '40', '15');
insert into hotel_clicks (hotel_click_id, click_counter, country, clicked_at, hotel_id, user_id) values (77, 40, 'Mexico', '2025-07-21 04:15:03', '5', '25');
insert into hotel_clicks (hotel_click_id, click_counter, country, clicked_at, hotel_id, user_id) values (78, 28, 'Turkmenistan', '2025-03-02 07:54:11', '13', '6');
insert into hotel_clicks (hotel_click_id, click_counter, country, clicked_at, hotel_id, user_id) values (79, 24, 'Colombia', '2025-03-22 08:56:50', '27', '31');
insert into hotel_clicks (hotel_click_id, click_counter, country, clicked_at, hotel_id, user_id) values (80, 27, 'Portugal', '2025-03-11 15:42:41', '21', '30');
insert into hotel_clicks (hotel_click_id, click_counter, country, clicked_at, hotel_id, user_id) values (81, 34, 'Bangladesh', '2024-09-02 02:36:10', '9', '29');
insert into hotel_clicks (hotel_click_id, click_counter, country, clicked_at, hotel_id, user_id) values (82, 17, 'Iran', '2025-05-12 06:19:43', '11', '32');
insert into hotel_clicks (hotel_click_id, click_counter, country, clicked_at, hotel_id, user_id) values (83, 35, 'Czech Republic', '2025-01-23 12:08:03', '21', '17');
insert into hotel_clicks (hotel_click_id, click_counter, country, clicked_at, hotel_id, user_id) values (84, 48, 'Poland', '2025-02-19 17:39:34', '18', '25');
insert into hotel_clicks (hotel_click_id, click_counter, country, clicked_at, hotel_id, user_id) values (85, 26, 'Brazil', '2024-09-08 14:18:22', '30', '13');
insert into hotel_clicks (hotel_click_id, click_counter, country, clicked_at, hotel_id, user_id) values (86, 14, 'Peru', '2024-09-09 09:59:37', '23', '26');
insert into hotel_clicks (hotel_click_id, click_counter, country, clicked_at, hotel_id, user_id) values (87, 2, 'Russia', '2025-03-05 08:16:59', '6', '19');
insert into hotel_clicks (hotel_click_id, click_counter, country, clicked_at, hotel_id, user_id) values (88, 6, 'Canada', '2025-06-29 23:28:48', '28', '7');
insert into hotel_clicks (hotel_click_id, click_counter, country, clicked_at, hotel_id, user_id) values (89, 35, 'Portugal', '2024-12-28 20:30:27', '32', '20');
insert into hotel_clicks (hotel_click_id, click_counter, country, clicked_at, hotel_id, user_id) values (90, 23, 'South Africa', '2025-03-23 16:27:38', '7', '12');
insert into hotel_clicks (hotel_click_id, click_counter, country, clicked_at, hotel_id, user_id) values (91, 49, 'Indonesia', '2024-08-31 06:19:50', '15', '21');
insert into hotel_clicks (hotel_click_id, click_counter, country, clicked_at, hotel_id, user_id) values (92, 28, 'Mexico', '2024-09-28 17:45:17', '39', '36');
insert into hotel_clicks (hotel_click_id, click_counter, country, clicked_at, hotel_id, user_id) values (93, 47, 'United States', '2024-09-20 15:23:28', '27', '15');
insert into hotel_clicks (hotel_click_id, click_counter, country, clicked_at, hotel_id, user_id) values (94, 47, 'China', '2025-04-01 07:58:25', '17', '11');
insert into hotel_clicks (hotel_click_id, click_counter, country, clicked_at, hotel_id, user_id) values (95, 10, 'China', '2024-11-24 21:10:06', '36', '5');
insert into hotel_clicks (hotel_click_id, click_counter, country, clicked_at, hotel_id, user_id) values (96, 6, 'Philippines', '2024-10-24 06:56:24', '14', '39');
insert into hotel_clicks (hotel_click_id, click_counter, country, clicked_at, hotel_id, user_id) values (97, 42, 'China', '2025-03-09 06:29:19', '13', '33');
insert into hotel_clicks (hotel_click_id, click_counter, country, clicked_at, hotel_id, user_id) values (98, 14, 'China', '2025-02-20 01:58:27', '16', '3');
insert into hotel_clicks (hotel_click_id, click_counter, country, clicked_at, hotel_id, user_id) values (99, 23, 'Tunisia', '2025-04-10 17:17:52', '24', '34');
insert into hotel_clicks (hotel_click_id, click_counter, country, clicked_at, hotel_id, user_id) values (100, 21, 'Portugal', '2025-07-14 16:01:20', '25', '37');

use getawayguru;

insert into attraction_clicks (attraction_click_id, click_counter, attraction_id, user_id, clicked_at, country) values (1, 6, '35', '16', '2025-05-30 07:51:20', 'Seychelles');
insert into attraction_clicks (attraction_click_id, click_counter, attraction_id, user_id, clicked_at, country) values (2, 40, '9', '30', '2025-03-21 05:52:19', 'Serbia');
insert into attraction_clicks (attraction_click_id, click_counter, attraction_id, user_id, clicked_at, country) values (3, 38, '18', '3', '2024-09-06 08:09:47', 'Indonesia');
insert into attraction_clicks (attraction_click_id, click_counter, attraction_id, user_id, clicked_at, country) values (4, 39, '39', '40', '2025-01-30 17:07:07', 'China');
insert into attraction_clicks (attraction_click_id, click_counter, attraction_id, user_id, clicked_at, country) values (5, 1, '1', '21', '2024-12-18 01:49:18', 'United States');
insert into attraction_clicks (attraction_click_id, click_counter, attraction_id, user_id, clicked_at, country) values (6, 38, '12', '37', '2025-05-20 17:49:13', 'China');
insert into attraction_clicks (attraction_click_id, click_counter, attraction_id, user_id, clicked_at, country) values (7, 43, '30', '33', '2024-11-07 15:37:53', 'Philippines');
insert into attraction_clicks (attraction_click_id, click_counter, attraction_id, user_id, clicked_at, country) values (8, 40, '5', '36', '2025-07-29 15:50:14', 'Ukraine');
insert into attraction_clicks (attraction_click_id, click_counter, attraction_id, user_id, clicked_at, country) values (9, 3, '31', '13', '2025-04-19 07:20:58', 'Armenia');
insert into attraction_clicks (attraction_click_id, click_counter, attraction_id, user_id, clicked_at, country) values (10, 42, '36', '15', '2024-10-07 14:43:56', 'Netherlands');
insert into attraction_clicks (attraction_click_id, click_counter, attraction_id, user_id, clicked_at, country) values (11, 35, '22', '9', '2024-12-04 18:06:22', 'Republic of the Congo');
insert into attraction_clicks (attraction_click_id, click_counter, attraction_id, user_id, clicked_at, country) values (12, 22, '38', '7', '2025-03-23 06:07:03', 'Brazil');
insert into attraction_clicks (attraction_click_id, click_counter, attraction_id, user_id, clicked_at, country) values (13, 18, '4', '25', '2024-11-13 07:47:24', 'Indonesia');
insert into attraction_clicks (attraction_click_id, click_counter, attraction_id, user_id, clicked_at, country) values (14, 43, '16', '20', '2025-01-24 09:50:34', 'Kazakhstan');
insert into attraction_clicks (attraction_click_id, click_counter, attraction_id, user_id, clicked_at, country) values (15, 27, '6', '11', '2025-01-16 03:45:53', 'Indonesia');
insert into attraction_clicks (attraction_click_id, click_counter, attraction_id, user_id, clicked_at, country) values (16, 26, '23', '26', '2025-04-06 11:36:35', 'Indonesia');
insert into attraction_clicks (attraction_click_id, click_counter, attraction_id, user_id, clicked_at, country) values (17, 49, '27', '23', '2025-03-15 10:09:38', 'Russia');
insert into attraction_clicks (attraction_click_id, click_counter, attraction_id, user_id, clicked_at, country) values (18, 38, '10', '2', '2025-02-07 04:05:47', 'Sweden');
insert into attraction_clicks (attraction_click_id, click_counter, attraction_id, user_id, clicked_at, country) values (19, 9, '40', '24', '2025-02-28 03:35:42', 'China');
insert into attraction_clicks (attraction_click_id, click_counter, attraction_id, user_id, clicked_at, country) values (20, 36, '15', '4', '2024-12-31 11:44:09', 'Italy');
insert into attraction_clicks (attraction_click_id, click_counter, attraction_id, user_id, clicked_at, country) values (21, 19, '33', '29', '2025-06-23 17:22:30', 'Russia');
insert into attraction_clicks (attraction_click_id, click_counter, attraction_id, user_id, clicked_at, country) values (22, 19, '21', '32', '2025-01-01 10:35:17', 'Portugal');
insert into attraction_clicks (attraction_click_id, click_counter, attraction_id, user_id, clicked_at, country) values (23, 45, '29', '18', '2025-07-11 01:45:08', 'Sweden');
insert into attraction_clicks (attraction_click_id, click_counter, attraction_id, user_id, clicked_at, country) values (24, 35, '25', '35', '2025-01-17 04:49:36', 'France');
insert into attraction_clicks (attraction_click_id, click_counter, attraction_id, user_id, clicked_at, country) values (25, 48, '26', '19', '2024-08-13 18:45:07', 'Indonesia');
insert into attraction_clicks (attraction_click_id, click_counter, attraction_id, user_id, clicked_at, country) values (26, 12, '28', '1', '2024-12-28 11:40:27', 'Yemen');
insert into attraction_clicks (attraction_click_id, click_counter, attraction_id, user_id, clicked_at, country) values (27, 46, '2', '6', '2024-11-21 07:11:43', 'Haiti');
insert into attraction_clicks (attraction_click_id, click_counter, attraction_id, user_id, clicked_at, country) values (28, 26, '13', '5', '2025-02-04 07:41:29', 'Sweden');
insert into attraction_clicks (attraction_click_id, click_counter, attraction_id, user_id, clicked_at, country) values (29, 33, '7', '31', '2025-05-12 18:36:07', 'Thailand');
insert into attraction_clicks (attraction_click_id, click_counter, attraction_id, user_id, clicked_at, country) values (30, 19, '20', '38', '2025-06-26 01:10:16', 'Sweden');
insert into attraction_clicks (attraction_click_id, click_counter, attraction_id, user_id, clicked_at, country) values (31, 33, '19', '8', '2025-01-22 17:50:27', 'China');
insert into attraction_clicks (attraction_click_id, click_counter, attraction_id, user_id, clicked_at, country) values (32, 20, '3', '28', '2025-02-12 02:17:47', 'Russia');
insert into attraction_clicks (attraction_click_id, click_counter, attraction_id, user_id, clicked_at, country) values (33, 50, '37', '10', '2025-07-29 05:08:59', 'Vietnam');
insert into attraction_clicks (attraction_click_id, click_counter, attraction_id, user_id, clicked_at, country) values (34, 24, '32', '39', '2024-12-27 15:06:12', 'Peru');
insert into attraction_clicks (attraction_click_id, click_counter, attraction_id, user_id, clicked_at, country) values (35, 6, '17', '22', '2025-04-20 23:00:46', 'Poland');
insert into attraction_clicks (attraction_click_id, click_counter, attraction_id, user_id, clicked_at, country) values (36, 23, '11', '12', '2025-02-27 16:25:29', 'Indonesia');
insert into attraction_clicks (attraction_click_id, click_counter, attraction_id, user_id, clicked_at, country) values (37, 17, '8', '34', '2024-11-14 16:29:11', 'Ireland');
insert into attraction_clicks (attraction_click_id, click_counter, attraction_id, user_id, clicked_at, country) values (38, 11, '24', '27', '2025-07-25 01:07:24', 'Madagascar');
insert into attraction_clicks (attraction_click_id, click_counter, attraction_id, user_id, clicked_at, country) values (39, 8, '34', '17', '2024-11-16 16:54:02', 'Netherlands');
insert into attraction_clicks (attraction_click_id, click_counter, attraction_id, user_id, clicked_at, country) values (40, 18, '14', '14', '2025-02-14 03:41:52', 'China');
insert into attraction_clicks (attraction_click_id, click_counter, attraction_id, user_id, clicked_at, country) values (41, 10, '3', '15', '2025-07-24 02:42:12', 'Jordan');
insert into attraction_clicks (attraction_click_id, click_counter, attraction_id, user_id, clicked_at, country) values (42, 30, '13', '10', '2024-12-02 12:03:03', 'Madagascar');
insert into attraction_clicks (attraction_click_id, click_counter, attraction_id, user_id, clicked_at, country) values (43, 45, '22', '31', '2024-08-15 22:45:48', 'Guatemala');
insert into attraction_clicks (attraction_click_id, click_counter, attraction_id, user_id, clicked_at, country) values (44, 32, '7', '37', '2024-08-23 05:19:35', 'China');
insert into attraction_clicks (attraction_click_id, click_counter, attraction_id, user_id, clicked_at, country) values (45, 9, '5', '1', '2025-05-13 03:18:57', 'United States');
insert into attraction_clicks (attraction_click_id, click_counter, attraction_id, user_id, clicked_at, country) values (46, 13, '2', '23', '2024-10-27 08:23:06', 'Philippines');
insert into attraction_clicks (attraction_click_id, click_counter, attraction_id, user_id, clicked_at, country) values (47, 44, '19', '40', '2025-01-22 02:51:42', 'Mexico');
insert into attraction_clicks (attraction_click_id, click_counter, attraction_id, user_id, clicked_at, country) values (48, 19, '28', '29', '2025-08-05 03:21:48', 'Indonesia');
insert into attraction_clicks (attraction_click_id, click_counter, attraction_id, user_id, clicked_at, country) values (49, 8, '14', '13', '2025-05-14 08:39:13', 'Indonesia');
insert into attraction_clicks (attraction_click_id, click_counter, attraction_id, user_id, clicked_at, country) values (50, 8, '37', '24', '2024-08-25 10:29:46', 'Sweden');
insert into attraction_clicks (attraction_click_id, click_counter, attraction_id, user_id, clicked_at, country) values (51, 27, '10', '17', '2025-02-06 10:21:07', 'Zambia');
insert into attraction_clicks (attraction_click_id, click_counter, attraction_id, user_id, clicked_at, country) values (52, 48, '11', '3', '2025-07-30 13:31:26', 'Russia');
insert into attraction_clicks (attraction_click_id, click_counter, attraction_id, user_id, clicked_at, country) values (53, 37, '33', '28', '2025-01-06 22:52:30', 'Japan');
insert into attraction_clicks (attraction_click_id, click_counter, attraction_id, user_id, clicked_at, country) values (54, 16, '20', '4', '2025-08-03 17:40:56', 'Sweden');
insert into attraction_clicks (attraction_click_id, click_counter, attraction_id, user_id, clicked_at, country) values (55, 19, '35', '12', '2025-04-07 15:52:53', 'Micronesia');
insert into attraction_clicks (attraction_click_id, click_counter, attraction_id, user_id, clicked_at, country) values (56, 0, '29', '36', '2025-06-04 07:07:19', 'Russia');
insert into attraction_clicks (attraction_click_id, click_counter, attraction_id, user_id, clicked_at, country) values (57, 44, '6', '39', '2025-02-23 21:48:49', 'Poland');
insert into attraction_clicks (attraction_click_id, click_counter, attraction_id, user_id, clicked_at, country) values (58, 39, '21', '2', '2025-06-03 07:40:55', 'China');
insert into attraction_clicks (attraction_click_id, click_counter, attraction_id, user_id, clicked_at, country) values (59, 26, '30', '5', '2024-12-05 14:10:10', 'China');
insert into attraction_clicks (attraction_click_id, click_counter, attraction_id, user_id, clicked_at, country) values (60, 27, '27', '7', '2025-06-08 19:16:16', 'Peru');
insert into attraction_clicks (attraction_click_id, click_counter, attraction_id, user_id, clicked_at, country) values (61, 42, '34', '22', '2024-08-22 23:08:37', 'Cuba');
insert into attraction_clicks (attraction_click_id, click_counter, attraction_id, user_id, clicked_at, country) values (62, 37, '38', '16', '2024-12-27 11:43:51', 'Democratic Republic of the Congo');
insert into attraction_clicks (attraction_click_id, click_counter, attraction_id, user_id, clicked_at, country) values (63, 20, '16', '25', '2025-03-25 20:08:45', 'China');
insert into attraction_clicks (attraction_click_id, click_counter, attraction_id, user_id, clicked_at, country) values (64, 47, '1', '9', '2024-11-29 17:43:07', 'Portugal');
insert into attraction_clicks (attraction_click_id, click_counter, attraction_id, user_id, clicked_at, country) values (65, 24, '9', '38', '2025-01-26 01:08:39', 'China');
insert into attraction_clicks (attraction_click_id, click_counter, attraction_id, user_id, clicked_at, country) values (66, 14, '39', '14', '2024-10-16 07:20:34', 'Bosnia and Herzegovina');
insert into attraction_clicks (attraction_click_id, click_counter, attraction_id, user_id, clicked_at, country) values (67, 22, '36', '21', '2025-03-14 17:35:10', 'Philippines');
insert into attraction_clicks (attraction_click_id, click_counter, attraction_id, user_id, clicked_at, country) values (68, 4, '32', '33', '2025-05-27 20:58:23', 'Philippines');
insert into attraction_clicks (attraction_click_id, click_counter, attraction_id, user_id, clicked_at, country) values (69, 50, '4', '11', '2025-07-02 06:16:59', 'Poland');
insert into attraction_clicks (attraction_click_id, click_counter, attraction_id, user_id, clicked_at, country) values (70, 19, '24', '34', '2024-12-27 05:40:53', 'Indonesia');
insert into attraction_clicks (attraction_click_id, click_counter, attraction_id, user_id, clicked_at, country) values (71, 18, '17', '26', '2025-07-15 08:21:37', 'Norway');
insert into attraction_clicks (attraction_click_id, click_counter, attraction_id, user_id, clicked_at, country) values (72, 39, '26', '32', '2025-03-09 16:30:40', 'Ethiopia');
insert into attraction_clicks (attraction_click_id, click_counter, attraction_id, user_id, clicked_at, country) values (73, 37, '31', '18', '2025-05-09 23:04:40', 'China');
insert into attraction_clicks (attraction_click_id, click_counter, attraction_id, user_id, clicked_at, country) values (74, 28, '15', '6', '2025-01-20 04:03:07', 'France');
insert into attraction_clicks (attraction_click_id, click_counter, attraction_id, user_id, clicked_at, country) values (75, 6, '8', '20', '2025-06-13 02:34:56', 'Portugal');
insert into attraction_clicks (attraction_click_id, click_counter, attraction_id, user_id, clicked_at, country) values (76, 30, '25', '8', '2025-05-15 02:38:26', 'Croatia');
insert into attraction_clicks (attraction_click_id, click_counter, attraction_id, user_id, clicked_at, country) values (77, 34, '18', '27', '2025-05-22 19:40:48', 'Indonesia');
insert into attraction_clicks (attraction_click_id, click_counter, attraction_id, user_id, clicked_at, country) values (78, 31, '40', '19', '2025-07-12 19:11:24', 'United States');
insert into attraction_clicks (attraction_click_id, click_counter, attraction_id, user_id, clicked_at, country) values (79, 9, '12', '35', '2024-12-02 14:03:45', 'China');
insert into attraction_clicks (attraction_click_id, click_counter, attraction_id, user_id, clicked_at, country) values (80, 27, '23', '30', '2025-01-28 20:13:00', 'Brazil');
insert into attraction_clicks (attraction_click_id, click_counter, attraction_id, user_id, clicked_at, country) values (81, 49, '32', '11', '2025-06-09 17:12:06', 'France');
insert into attraction_clicks (attraction_click_id, click_counter, attraction_id, user_id, clicked_at, country) values (82, 6, '37', '17', '2025-03-13 00:43:05', 'Poland');
insert into attraction_clicks (attraction_click_id, click_counter, attraction_id, user_id, clicked_at, country) values (83, 20, '9', '31', '2025-03-17 02:15:05', 'Guatemala');
insert into attraction_clicks (attraction_click_id, click_counter, attraction_id, user_id, clicked_at, country) values (84, 9, '4', '4', '2025-03-12 18:05:09', 'Costa Rica');
insert into attraction_clicks (attraction_click_id, click_counter, attraction_id, user_id, clicked_at, country) values (85, 45, '24', '39', '2025-04-26 03:51:17', 'Vietnam');
insert into attraction_clicks (attraction_click_id, click_counter, attraction_id, user_id, clicked_at, country) values (86, 16, '13', '27', '2025-04-11 20:43:41', 'Indonesia');
insert into attraction_clicks (attraction_click_id, click_counter, attraction_id, user_id, clicked_at, country) values (87, 43, '26', '32', '2024-08-19 17:42:03', 'China');
insert into attraction_clicks (attraction_click_id, click_counter, attraction_id, user_id, clicked_at, country) values (88, 17, '31', '16', '2025-03-06 02:56:32', 'Brazil');
insert into attraction_clicks (attraction_click_id, click_counter, attraction_id, user_id, clicked_at, country) values (89, 18, '39', '37', '2025-03-13 23:47:25', 'Japan');
insert into attraction_clicks (attraction_click_id, click_counter, attraction_id, user_id, clicked_at, country) values (90, 20, '10', '19', '2024-12-13 08:31:46', 'China');
insert into attraction_clicks (attraction_click_id, click_counter, attraction_id, user_id, clicked_at, country) values (91, 38, '17', '8', '2024-12-23 01:12:01', 'Kazakhstan');
insert into attraction_clicks (attraction_click_id, click_counter, attraction_id, user_id, clicked_at, country) values (92, 12, '25', '33', '2024-08-26 08:00:46', 'China');
insert into attraction_clicks (attraction_click_id, click_counter, attraction_id, user_id, clicked_at, country) values (93, 9, '5', '23', '2025-04-11 20:18:08', 'Indonesia');
insert into attraction_clicks (attraction_click_id, click_counter, attraction_id, user_id, clicked_at, country) values (94, 12, '18', '40', '2025-01-20 21:52:28', 'France');
insert into attraction_clicks (attraction_click_id, click_counter, attraction_id, user_id, clicked_at, country) values (95, 47, '3', '36', '2024-11-03 23:43:24', 'Mexico');
insert into attraction_clicks (attraction_click_id, click_counter, attraction_id, user_id, clicked_at, country) values (96, 32, '29', '34', '2025-03-03 11:09:18', 'France');
insert into attraction_clicks (attraction_click_id, click_counter, attraction_id, user_id, clicked_at, country) values (97, 38, '16', '2', '2024-12-12 11:29:50', 'Poland');
insert into attraction_clicks (attraction_click_id, click_counter, attraction_id, user_id, clicked_at, country) values (98, 8, '19', '7', '2025-06-10 15:47:18', 'South Korea');
insert into attraction_clicks (attraction_click_id, click_counter, attraction_id, user_id, clicked_at, country) values (99, 3, '21', '20', '2025-07-24 22:25:27', 'Russia');
insert into attraction_clicks (attraction_click_id, click_counter, attraction_id, user_id, clicked_at, country) values (100, 26, '6', '38', '2025-06-01 10:45:50', 'Brazil');

use getawayguru;

insert into restaurant_clicks (restaurant_click_id, restaurant_id, clicked_at, country, click_counter, user_id) values (1, '29', '2025-03-15 11:25:11', 'Indonesia', 13, '6');
insert into restaurant_clicks (restaurant_click_id, restaurant_id, clicked_at, country, click_counter, user_id) values (2, '30', '2025-07-02 04:03:29', 'China', 49, '35');
insert into restaurant_clicks (restaurant_click_id, restaurant_id, clicked_at, country, click_counter, user_id) values (3, '34', '2025-02-26 03:49:54', 'Indonesia', 44, '7');
insert into restaurant_clicks (restaurant_click_id, restaurant_id, clicked_at, country, click_counter, user_id) values (4, '21', '2024-11-02 11:33:53', 'China', 36, '34');
insert into restaurant_clicks (restaurant_click_id, restaurant_id, clicked_at, country, click_counter, user_id) values (5, '16', '2025-06-29 08:45:22', 'Indonesia', 40, '15');
insert into restaurant_clicks (restaurant_click_id, restaurant_id, clicked_at, country, click_counter, user_id) values (6, '4', '2025-01-19 21:26:07', 'Kenya', 25, '29');
insert into restaurant_clicks (restaurant_click_id, restaurant_id, clicked_at, country, click_counter, user_id) values (7, '39', '2025-07-18 18:25:29', 'Taiwan', 4, '21');
insert into restaurant_clicks (restaurant_click_id, restaurant_id, clicked_at, country, click_counter, user_id) values (8, '26', '2025-03-03 04:35:45', 'Russia', 19, '3');
insert into restaurant_clicks (restaurant_click_id, restaurant_id, clicked_at, country, click_counter, user_id) values (9, '18', '2025-05-13 02:27:41', 'Nigeria', 7, '11');
insert into restaurant_clicks (restaurant_click_id, restaurant_id, clicked_at, country, click_counter, user_id) values (10, '14', '2025-02-07 05:44:44', 'China', 25, '19');
insert into restaurant_clicks (restaurant_click_id, restaurant_id, clicked_at, country, click_counter, user_id) values (11, '23', '2024-12-02 03:13:38', 'Philippines', 3, '30');
insert into restaurant_clicks (restaurant_click_id, restaurant_id, clicked_at, country, click_counter, user_id) values (12, '13', '2025-07-04 03:47:00', 'Indonesia', 8, '32');
insert into restaurant_clicks (restaurant_click_id, restaurant_id, clicked_at, country, click_counter, user_id) values (13, '36', '2025-07-25 23:50:14', 'Norway', 43, '36');
insert into restaurant_clicks (restaurant_click_id, restaurant_id, clicked_at, country, click_counter, user_id) values (14, '3', '2025-04-09 18:46:16', 'Thailand', 20, '23');
insert into restaurant_clicks (restaurant_click_id, restaurant_id, clicked_at, country, click_counter, user_id) values (15, '24', '2025-02-11 21:49:23', 'Russia', 42, '18');
insert into restaurant_clicks (restaurant_click_id, restaurant_id, clicked_at, country, click_counter, user_id) values (16, '35', '2024-10-02 00:07:56', 'Philippines', 21, '38');
insert into restaurant_clicks (restaurant_click_id, restaurant_id, clicked_at, country, click_counter, user_id) values (17, '6', '2025-06-16 14:23:37', 'Brazil', 25, '27');
insert into restaurant_clicks (restaurant_click_id, restaurant_id, clicked_at, country, click_counter, user_id) values (18, '40', '2025-03-06 21:17:49', 'Indonesia', 23, '1');
insert into restaurant_clicks (restaurant_click_id, restaurant_id, clicked_at, country, click_counter, user_id) values (19, '8', '2025-05-28 02:55:40', 'United States', 1, '20');
insert into restaurant_clicks (restaurant_click_id, restaurant_id, clicked_at, country, click_counter, user_id) values (20, '15', '2025-03-13 00:56:28', 'Russia', 16, '40');
insert into restaurant_clicks (restaurant_click_id, restaurant_id, clicked_at, country, click_counter, user_id) values (21, '37', '2025-06-20 10:13:24', 'Czech Republic', 31, '37');
insert into restaurant_clicks (restaurant_click_id, restaurant_id, clicked_at, country, click_counter, user_id) values (22, '20', '2025-05-11 00:53:46', 'Russia', 45, '10');
insert into restaurant_clicks (restaurant_click_id, restaurant_id, clicked_at, country, click_counter, user_id) values (23, '25', '2024-12-22 10:16:22', 'Brazil', 32, '22');
insert into restaurant_clicks (restaurant_click_id, restaurant_id, clicked_at, country, click_counter, user_id) values (24, '38', '2025-05-18 00:31:51', 'Mongolia', 27, '4');
insert into restaurant_clicks (restaurant_click_id, restaurant_id, clicked_at, country, click_counter, user_id) values (25, '7', '2025-05-06 19:35:48', 'Thailand', 21, '9');
insert into restaurant_clicks (restaurant_click_id, restaurant_id, clicked_at, country, click_counter, user_id) values (26, '17', '2025-06-02 01:53:49', 'Portugal', 7, '24');
insert into restaurant_clicks (restaurant_click_id, restaurant_id, clicked_at, country, click_counter, user_id) values (27, '5', '2025-07-03 18:34:34', 'China', 41, '8');
insert into restaurant_clicks (restaurant_click_id, restaurant_id, clicked_at, country, click_counter, user_id) values (28, '11', '2025-01-12 07:15:00', 'Poland', 22, '31');
insert into restaurant_clicks (restaurant_click_id, restaurant_id, clicked_at, country, click_counter, user_id) values (29, '12', '2025-02-15 08:03:56', 'China', 26, '13');
insert into restaurant_clicks (restaurant_click_id, restaurant_id, clicked_at, country, click_counter, user_id) values (30, '10', '2024-10-20 09:57:51', 'Colombia', 38, '17');
insert into restaurant_clicks (restaurant_click_id, restaurant_id, clicked_at, country, click_counter, user_id) values (31, '19', '2025-04-13 09:41:53', 'Brazil', 11, '12');
insert into restaurant_clicks (restaurant_click_id, restaurant_id, clicked_at, country, click_counter, user_id) values (32, '31', '2025-05-06 11:42:05', 'China', 9, '28');
insert into restaurant_clicks (restaurant_click_id, restaurant_id, clicked_at, country, click_counter, user_id) values (33, '22', '2025-05-08 19:38:28', 'Serbia', 36, '39');
insert into restaurant_clicks (restaurant_click_id, restaurant_id, clicked_at, country, click_counter, user_id) values (34, '28', '2024-10-24 11:22:07', 'Bangladesh', 13, '16');
insert into restaurant_clicks (restaurant_click_id, restaurant_id, clicked_at, country, click_counter, user_id) values (35, '2', '2025-08-03 02:55:13', 'Burkina Faso', 28, '14');
insert into restaurant_clicks (restaurant_click_id, restaurant_id, clicked_at, country, click_counter, user_id) values (36, '32', '2024-10-19 22:39:53', 'El Salvador', 21, '5');
insert into restaurant_clicks (restaurant_click_id, restaurant_id, clicked_at, country, click_counter, user_id) values (37, '1', '2024-10-11 10:27:55', 'Venezuela', 21, '2');
insert into restaurant_clicks (restaurant_click_id, restaurant_id, clicked_at, country, click_counter, user_id) values (38, '27', '2025-06-08 22:20:50', 'Indonesia', 37, '26');
insert into restaurant_clicks (restaurant_click_id, restaurant_id, clicked_at, country, click_counter, user_id) values (39, '9', '2025-06-07 20:01:24', 'Canada', 23, '33');
insert into restaurant_clicks (restaurant_click_id, restaurant_id, clicked_at, country, click_counter, user_id) values (40, '33', '2025-04-17 00:09:28', 'Brazil', 21, '25');
insert into restaurant_clicks (restaurant_click_id, restaurant_id, clicked_at, country, click_counter, user_id) values (41, '33', '2024-11-30 18:08:07', 'Philippines', 11, '33');
insert into restaurant_clicks (restaurant_click_id, restaurant_id, clicked_at, country, click_counter, user_id) values (42, '3', '2024-11-23 07:09:10', 'Czech Republic', 30, '11');
insert into restaurant_clicks (restaurant_click_id, restaurant_id, clicked_at, country, click_counter, user_id) values (43, '20', '2025-08-04 18:13:25', 'United States', 50, '30');
insert into restaurant_clicks (restaurant_click_id, restaurant_id, clicked_at, country, click_counter, user_id) values (44, '21', '2025-03-24 23:11:48', 'Philippines', 7, '12');
insert into restaurant_clicks (restaurant_click_id, restaurant_id, clicked_at, country, click_counter, user_id) values (45, '17', '2024-08-13 15:01:35', 'China', 49, '25');
insert into restaurant_clicks (restaurant_click_id, restaurant_id, clicked_at, country, click_counter, user_id) values (46, '25', '2024-12-09 02:55:00', 'Portugal', 43, '24');
insert into restaurant_clicks (restaurant_click_id, restaurant_id, clicked_at, country, click_counter, user_id) values (47, '34', '2025-01-23 14:19:59', 'China', 21, '39');
insert into restaurant_clicks (restaurant_click_id, restaurant_id, clicked_at, country, click_counter, user_id) values (48, '7', '2025-01-14 05:29:37', 'Bosnia and Herzegovina', 11, '6');
insert into restaurant_clicks (restaurant_click_id, restaurant_id, clicked_at, country, click_counter, user_id) values (49, '36', '2025-02-15 21:02:31', 'France', 43, '3');
insert into restaurant_clicks (restaurant_click_id, restaurant_id, clicked_at, country, click_counter, user_id) values (50, '23', '2024-11-27 06:33:35', 'Malaysia', 8, '40');
insert into restaurant_clicks (restaurant_click_id, restaurant_id, clicked_at, country, click_counter, user_id) values (51, '4', '2025-07-24 23:16:39', 'Czech Republic', 47, '4');
insert into restaurant_clicks (restaurant_click_id, restaurant_id, clicked_at, country, click_counter, user_id) values (52, '13', '2025-01-24 21:49:34', 'Mongolia', 50, '13');
insert into restaurant_clicks (restaurant_click_id, restaurant_id, clicked_at, country, click_counter, user_id) values (53, '31', '2024-08-19 05:12:13', 'China', 1, '28');
insert into restaurant_clicks (restaurant_click_id, restaurant_id, clicked_at, country, click_counter, user_id) values (54, '14', '2025-03-22 22:23:23', 'Ukraine', 16, '29');
insert into restaurant_clicks (restaurant_click_id, restaurant_id, clicked_at, country, click_counter, user_id) values (55, '26', '2024-10-27 21:00:20', 'Indonesia', 16, '17');
insert into restaurant_clicks (restaurant_click_id, restaurant_id, clicked_at, country, click_counter, user_id) values (56, '38', '2025-04-18 01:46:15', 'Yemen', 43, '36');
insert into restaurant_clicks (restaurant_click_id, restaurant_id, clicked_at, country, click_counter, user_id) values (57, '40', '2025-03-24 16:10:58', 'Yemen', 26, '26');
insert into restaurant_clicks (restaurant_click_id, restaurant_id, clicked_at, country, click_counter, user_id) values (58, '15', '2024-09-20 17:35:29', 'Indonesia', 18, '16');
insert into restaurant_clicks (restaurant_click_id, restaurant_id, clicked_at, country, click_counter, user_id) values (59, '12', '2024-12-30 11:27:03', 'China', 20, '37');
insert into restaurant_clicks (restaurant_click_id, restaurant_id, clicked_at, country, click_counter, user_id) values (60, '32', '2025-02-22 19:08:04', 'Indonesia', 44, '5');
insert into restaurant_clicks (restaurant_click_id, restaurant_id, clicked_at, country, click_counter, user_id) values (61, '9', '2024-10-16 13:05:54', 'Greece', 32, '8');
insert into restaurant_clicks (restaurant_click_id, restaurant_id, clicked_at, country, click_counter, user_id) values (62, '6', '2024-12-22 12:33:01', 'China', 14, '2');
insert into restaurant_clicks (restaurant_click_id, restaurant_id, clicked_at, country, click_counter, user_id) values (63, '35', '2025-01-15 06:13:10', 'China', 37, '19');
insert into restaurant_clicks (restaurant_click_id, restaurant_id, clicked_at, country, click_counter, user_id) values (64, '39', '2025-04-28 16:22:04', 'France', 48, '21');
insert into restaurant_clicks (restaurant_click_id, restaurant_id, clicked_at, country, click_counter, user_id) values (65, '5', '2025-05-22 03:54:21', 'Luxembourg', 21, '15');
insert into restaurant_clicks (restaurant_click_id, restaurant_id, clicked_at, country, click_counter, user_id) values (66, '22', '2025-04-30 15:16:02', 'Armenia', 4, '27');
insert into restaurant_clicks (restaurant_click_id, restaurant_id, clicked_at, country, click_counter, user_id) values (67, '11', '2024-12-22 15:53:22', 'Czech Republic', 28, '9');
insert into restaurant_clicks (restaurant_click_id, restaurant_id, clicked_at, country, click_counter, user_id) values (68, '10', '2025-06-07 08:25:55', 'Russia', 37, '31');
insert into restaurant_clicks (restaurant_click_id, restaurant_id, clicked_at, country, click_counter, user_id) values (69, '2', '2025-07-18 20:25:42', 'China', 35, '14');
insert into restaurant_clicks (restaurant_click_id, restaurant_id, clicked_at, country, click_counter, user_id) values (70, '29', '2024-09-12 14:22:47', 'United States', 3, '32');
insert into restaurant_clicks (restaurant_click_id, restaurant_id, clicked_at, country, click_counter, user_id) values (71, '37', '2025-07-18 19:30:29', 'Russia', 48, '35');
insert into restaurant_clicks (restaurant_click_id, restaurant_id, clicked_at, country, click_counter, user_id) values (72, '18', '2024-09-06 12:19:18', 'Greece', 23, '22');
insert into restaurant_clicks (restaurant_click_id, restaurant_id, clicked_at, country, click_counter, user_id) values (73, '24', '2025-06-15 18:27:13', 'Afghanistan', 10, '18');
insert into restaurant_clicks (restaurant_click_id, restaurant_id, clicked_at, country, click_counter, user_id) values (74, '27', '2024-10-27 02:09:15', 'China', 32, '7');
insert into restaurant_clicks (restaurant_click_id, restaurant_id, clicked_at, country, click_counter, user_id) values (75, '30', '2025-07-29 18:15:50', 'Albania', 33, '1');
insert into restaurant_clicks (restaurant_click_id, restaurant_id, clicked_at, country, click_counter, user_id) values (76, '28', '2025-05-23 17:57:10', 'Philippines', 34, '38');
insert into restaurant_clicks (restaurant_click_id, restaurant_id, clicked_at, country, click_counter, user_id) values (77, '16', '2024-10-18 01:38:51', 'Japan', 0, '23');
insert into restaurant_clicks (restaurant_click_id, restaurant_id, clicked_at, country, click_counter, user_id) values (78, '19', '2025-02-11 19:26:00', 'Russia', 5, '20');
insert into restaurant_clicks (restaurant_click_id, restaurant_id, clicked_at, country, click_counter, user_id) values (79, '8', '2024-12-07 11:14:36', 'China', 22, '10');
insert into restaurant_clicks (restaurant_click_id, restaurant_id, clicked_at, country, click_counter, user_id) values (80, '1', '2024-12-12 16:52:02', 'Kosovo', 15, '34');
insert into restaurant_clicks (restaurant_click_id, restaurant_id, clicked_at, country, click_counter, user_id) values (81, '22', '2024-10-05 07:44:45', 'China', 18, '1');
insert into restaurant_clicks (restaurant_click_id, restaurant_id, clicked_at, country, click_counter, user_id) values (82, '37', '2025-08-01 12:35:24', 'Oman', 39, '28');
insert into restaurant_clicks (restaurant_click_id, restaurant_id, clicked_at, country, click_counter, user_id) values (83, '3', '2024-11-02 03:47:58', 'South Korea', 40, '31');
insert into restaurant_clicks (restaurant_click_id, restaurant_id, clicked_at, country, click_counter, user_id) values (84, '13', '2025-01-25 12:01:20', 'China', 8, '10');
insert into restaurant_clicks (restaurant_click_id, restaurant_id, clicked_at, country, click_counter, user_id) values (85, '35', '2024-11-26 09:10:41', 'New Zealand', 35, '39');
insert into restaurant_clicks (restaurant_click_id, restaurant_id, clicked_at, country, click_counter, user_id) values (86, '32', '2024-11-08 15:17:45', 'Russia', 50, '33');
insert into restaurant_clicks (restaurant_click_id, restaurant_id, clicked_at, country, click_counter, user_id) values (87, '10', '2024-08-21 17:33:52', 'Ukraine', 37, '5');
insert into restaurant_clicks (restaurant_click_id, restaurant_id, clicked_at, country, click_counter, user_id) values (88, '26', '2025-04-12 18:41:35', 'Mexico', 26, '12');
insert into restaurant_clicks (restaurant_click_id, restaurant_id, clicked_at, country, click_counter, user_id) values (89, '19', '2025-05-17 02:41:11', 'Tanzania', 23, '34');
insert into restaurant_clicks (restaurant_click_id, restaurant_id, clicked_at, country, click_counter, user_id) values (90, '6', '2025-07-08 12:32:37', 'Spain', 5, '16');
insert into restaurant_clicks (restaurant_click_id, restaurant_id, clicked_at, country, click_counter, user_id) values (91, '9', '2025-06-28 13:42:48', 'Poland', 43, '19');
insert into restaurant_clicks (restaurant_click_id, restaurant_id, clicked_at, country, click_counter, user_id) values (92, '15', '2025-03-13 16:01:37', 'China', 7, '22');
insert into restaurant_clicks (restaurant_click_id, restaurant_id, clicked_at, country, click_counter, user_id) values (93, '33', '2025-06-20 23:02:16', 'Indonesia', 15, '11');
insert into restaurant_clicks (restaurant_click_id, restaurant_id, clicked_at, country, click_counter, user_id) values (94, '40', '2025-02-03 23:02:16', 'China', 28, '40');
insert into restaurant_clicks (restaurant_click_id, restaurant_id, clicked_at, country, click_counter, user_id) values (95, '29', '2024-08-28 04:57:36', 'Brazil', 49, '29');
insert into restaurant_clicks (restaurant_click_id, restaurant_id, clicked_at, country, click_counter, user_id) values (96, '38', '2025-01-11 20:35:42', 'Pakistan', 15, '4');
insert into restaurant_clicks (restaurant_click_id, restaurant_id, clicked_at, country, click_counter, user_id) values (97, '20', '2025-04-27 08:04:55', 'Russia', 8, '24');
insert into restaurant_clicks (restaurant_click_id, restaurant_id, clicked_at, country, click_counter, user_id) values (98, '5', '2025-01-19 10:09:33', 'Sierra Leone', 39, '35');
insert into restaurant_clicks (restaurant_click_id, restaurant_id, clicked_at, country, click_counter, user_id) values (99, '1', '2024-09-16 04:28:11', 'China', 39, '6');
insert into restaurant_clicks (restaurant_click_id, restaurant_id, clicked_at, country, click_counter, user_id) values (100, '36', '2024-10-30 20:32:42', 'Philippines', 48, '2');