-- rally, advertisement, campaignManagerSiteSurvey, campaignFeaturesAccessed
insert into rally (campaignId, rallyId, state, cost, volunteerCount, expectedAttendance, actualAttendance) values ('19', 1, 'Texas', '$6770.35', 'Female', 3736, 2914);
insert into rally (campaignId, rallyId, state, cost, volunteerCount, expectedAttendance, actualAttendance) values ('10', 2, 'Tennessee', '$1583.66', 'Female', 195, 7387);
insert into rally (campaignId, rallyId, state, cost, volunteerCount, expectedAttendance, actualAttendance) values ('23', 3, 'District of Columbia', '$3409.89', 'Male', 4028, 8188);
insert into rally (campaignId, rallyId, state, cost, volunteerCount, expectedAttendance, actualAttendance) values ('30', 4, 'Texas', '$3683.59', 'Male', 8833, 9075);
insert into rally (campaignId, rallyId, state, cost, volunteerCount, expectedAttendance, actualAttendance) values ('29', 5, 'Ohio', '$8143.48', 'Male', 758, 9751);
insert into rally (campaignId, rallyId, state, cost, volunteerCount, expectedAttendance, actualAttendance) values ('26', 6, 'Alabama', '$2663.23', 'Female', 8311, 7903);
insert into rally (campaignId, rallyId, state, cost, volunteerCount, expectedAttendance, actualAttendance) values ('7', 7, 'West Virginia', '$6661.83', 'Female', 3307, 6499);
insert into rally (campaignId, rallyId, state, cost, volunteerCount, expectedAttendance, actualAttendance) values ('15', 8, 'Idaho', '$5091.37', 'Non-binary', 3478, 1087);
insert into rally (campaignId, rallyId, state, cost, volunteerCount, expectedAttendance, actualAttendance) values ('13', 9, 'Florida', '$1366.87', 'Genderqueer', 6155, 7750);
insert into rally (campaignId, rallyId, state, cost, volunteerCount, expectedAttendance, actualAttendance) values ('1', 10, 'Virginia', '$3559.06', 'Male', 7485, 1661);
insert into rally (campaignId, rallyId, state, cost, volunteerCount, expectedAttendance, actualAttendance) values ('11', 11, 'California', '$7928.93', 'Male', 2663, 6555);
insert into rally (campaignId, rallyId, state, cost, volunteerCount, expectedAttendance, actualAttendance) values ('17', 12, 'Texas', '$1130.79', 'Male', 7790, 3086);
insert into rally (campaignId, rallyId, state, cost, volunteerCount, expectedAttendance, actualAttendance) values ('35', 13, 'Iowa', '$9953.49', 'Female', 3002, 7147);
insert into rally (campaignId, rallyId, state, cost, volunteerCount, expectedAttendance, actualAttendance) values ('4', 14, 'Nevada', '$2845.22', 'Genderqueer', 8523, 3690);
insert into rally (campaignId, rallyId, state, cost, volunteerCount, expectedAttendance, actualAttendance) values ('6', 15, 'Arizona', '$701.13', 'Female', 7308, 5782);
insert into rally (campaignId, rallyId, state, cost, volunteerCount, expectedAttendance, actualAttendance) values ('34', 16, 'Texas', '$4579.05', 'Male', 4693, 9769);
insert into rally (campaignId, rallyId, state, cost, volunteerCount, expectedAttendance, actualAttendance) values ('31', 17, 'Texas', '$126.84', 'Female', 3545, 1303);
insert into rally (campaignId, rallyId, state, cost, volunteerCount, expectedAttendance, actualAttendance) values ('27', 18, 'Minnesota', '$1272.94', 'Female', 3420, 9416);
insert into rally (campaignId, rallyId, state, cost, volunteerCount, expectedAttendance, actualAttendance) values ('5', 19, 'Washington', '$4471.25', 'Female', 4477, 805);
insert into rally (campaignId, rallyId, state, cost, volunteerCount, expectedAttendance, actualAttendance) values ('20', 20, 'Ohio', '$7961.54', 'Male', 48, 9641);
insert into rally (campaignId, rallyId, state, cost, volunteerCount, expectedAttendance, actualAttendance) values ('21', 21, 'Florida', '$6976.14', 'Female', 834, 6119);
insert into rally (campaignId, rallyId, state, cost, volunteerCount, expectedAttendance, actualAttendance) values ('24', 22, 'California', '$119.57', 'Male', 6129, 2754);
insert into rally (campaignId, rallyId, state, cost, volunteerCount, expectedAttendance, actualAttendance) values ('12', 23, 'Nevada', '$4914.89', 'Male', 1030, 3262);
insert into rally (campaignId, rallyId, state, cost, volunteerCount, expectedAttendance, actualAttendance) values ('9', 24, 'Florida', '$4790.83', 'Female', 7670, 5134);
insert into rally (campaignId, rallyId, state, cost, volunteerCount, expectedAttendance, actualAttendance) values ('8', 25, 'Arizona', '$5368.83', 'Male', 6464, 2109);
insert into rally (campaignId, rallyId, state, cost, volunteerCount, expectedAttendance, actualAttendance) values ('28', 26, 'Kansas', '$5001.38', 'Male', 5653, 933);
insert into rally (campaignId, rallyId, state, cost, volunteerCount, expectedAttendance, actualAttendance) values ('32', 27, 'Michigan', '$9340.66', 'Male', 5133, 6013);
insert into rally (campaignId, rallyId, state, cost, volunteerCount, expectedAttendance, actualAttendance) values ('25', 28, 'Utah', '$1605.23', 'Male', 8457, 3685);
insert into rally (campaignId, rallyId, state, cost, volunteerCount, expectedAttendance, actualAttendance) values ('18', 29, 'West Virginia', '$9714.53', 'Bigender', 7111, 3538);
insert into rally (campaignId, rallyId, state, cost, volunteerCount, expectedAttendance, actualAttendance) values ('2', 30, 'New Jersey', '$9378.98', 'Female', 4277, 9898);
insert into rally (campaignId, rallyId, state, cost, volunteerCount, expectedAttendance, actualAttendance) values ('14', 31, 'Alabama', '$369.69', 'Male', 524, 4261);
insert into rally (campaignId, rallyId, state, cost, volunteerCount, expectedAttendance, actualAttendance) values ('3', 32, 'Louisiana', '$5906.43', 'Male', 5847, 500);
insert into rally (campaignId, rallyId, state, cost, volunteerCount, expectedAttendance, actualAttendance) values ('16', 33, 'Missouri', '$1616.15', 'Male', 5399, 3795);
insert into rally (campaignId, rallyId, state, cost, volunteerCount, expectedAttendance, actualAttendance) values ('33', 34, 'Iowa', '$7588.04', 'Male', 6345, 6012);
insert into rally (campaignId, rallyId, state, cost, volunteerCount, expectedAttendance, actualAttendance) values ('22', 35, 'Colorado', '$5710.06', 'Male', 3497, 6635);
insert into rally (campaignId, rallyId, state, cost, volunteerCount, expectedAttendance, actualAttendance) values ('19', 36, 'Colorado', '$6184.53', 'Female', 7267, 353);
insert into rally (campaignId, rallyId, state, cost, volunteerCount, expectedAttendance, actualAttendance) values ('35', 37, 'Hawaii', '$8771.04', 'Male', 420, 7658);
insert into rally (campaignId, rallyId, state, cost, volunteerCount, expectedAttendance, actualAttendance) values ('22', 38, 'Missouri', '$5253.01', 'Female', 996, 6077);
insert into rally (campaignId, rallyId, state, cost, volunteerCount, expectedAttendance, actualAttendance) values ('20', 39, 'Virginia', '$7891.81', 'Male', 8758, 8239);
insert into rally (campaignId, rallyId, state, cost, volunteerCount, expectedAttendance, actualAttendance) values ('29', 40, 'Georgia', '$405.91', 'Female', 224, 204);
insert into rally (campaignId, rallyId, state, cost, volunteerCount, expectedAttendance, actualAttendance) values ('5', 41, 'Oklahoma', '$3149.73', 'Female', 9427, 9056);
insert into rally (campaignId, rallyId, state, cost, volunteerCount, expectedAttendance, actualAttendance) values ('1', 42, 'Texas', '$9494.42', 'Female', 3022, 2292);
insert into rally (campaignId, rallyId, state, cost, volunteerCount, expectedAttendance, actualAttendance) values ('21', 43, 'California', '$1729.97', 'Female', 3445, 4553);
insert into rally (campaignId, rallyId, state, cost, volunteerCount, expectedAttendance, actualAttendance) values ('24', 44, 'Nevada', '$3221.83', 'Female', 9642, 7314);
insert into rally (campaignId, rallyId, state, cost, volunteerCount, expectedAttendance, actualAttendance) values ('33', 45, 'Kansas', '$34.90', 'Polygender', 3314, 8911);

insert into advertisement (campaignId, advertisementId, location, cost, interactions) values ('18', 1, 'taxi cab', '$3164.91', 5537);
insert into advertisement (campaignId, advertisementId, location, cost, interactions) values ('26', 2, 'magazine ad', '$9866.00', 1284);
insert into advertisement (campaignId, advertisementId, location, cost, interactions) values ('35', 3, 'magazine ad', '$4022.32', 6072);
insert into advertisement (campaignId, advertisementId, location, cost, interactions) values ('2', 4, 'movie theater', '$1946.25', 6283);
insert into advertisement (campaignId, advertisementId, location, cost, interactions) values ('25', 5, 'social media', '$7580.59', 9519);
insert into advertisement (campaignId, advertisementId, location, cost, interactions) values ('16', 6, 'gas station', '$44.27', 2780);
insert into advertisement (campaignId, advertisementId, location, cost, interactions) values ('15', 7, 'elevator', '$3997.79', 1026);
insert into advertisement (campaignId, advertisementId, location, cost, interactions) values ('3', 8, 'airport', '$5013.21', 7831);
insert into advertisement (campaignId, advertisementId, location, cost, interactions) values ('28', 9, 'magazine ad', '$2947.15', 8180);
insert into advertisement (campaignId, advertisementId, location, cost, interactions) values ('10', 10, 'taxi cab', '$5737.74', 6782);
insert into advertisement (campaignId, advertisementId, location, cost, interactions) values ('23', 11, 'bus shelter', '$4759.53', 8284);
insert into advertisement (campaignId, advertisementId, location, cost, interactions) values ('32', 12, 'billboard', '$2052.27', 6744);
insert into advertisement (campaignId, advertisementId, location, cost, interactions) values ('13', 13, 'park bench', '$796.31', 3755);
insert into advertisement (campaignId, advertisementId, location, cost, interactions) values ('17', 14, 'elevator', '$1240.43', 1511);
insert into advertisement (campaignId, advertisementId, location, cost, interactions) values ('8', 15, 'radio commercial', '$8873.57', 8630);
insert into advertisement (campaignId, advertisementId, location, cost, interactions) values ('9', 16, 'subway station', '$3283.58', 6366);
insert into advertisement (campaignId, advertisementId, location, cost, interactions) values ('4', 17, 'subway station', '$4301.18', 3728);
insert into advertisement (campaignId, advertisementId, location, cost, interactions) values ('31', 18, 'shopping mall', '$3653.31', 3489);
insert into advertisement (campaignId, advertisementId, location, cost, interactions) values ('34', 19, 'sports stadium', '$5299.98', 3149);
insert into advertisement (campaignId, advertisementId, location, cost, interactions) values ('30', 20, 'park bench', '$8086.63', 3380);
insert into advertisement (campaignId, advertisementId, location, cost, interactions) values ('5', 21, 'website banner', '$2064.45', 9461);
insert into advertisement (campaignId, advertisementId, location, cost, interactions) values ('27', 22, 'subway station', '$7990.73', 2954);
insert into advertisement (campaignId, advertisementId, location, cost, interactions) values ('6', 23, 'airport', '$5919.53', 9750);
insert into advertisement (campaignId, advertisementId, location, cost, interactions) values ('22', 24, 'airport', '$9324.44', 8431);
insert into advertisement (campaignId, advertisementId, location, cost, interactions) values ('33', 25, 'radio commercial', '$4871.14', 5053);
insert into advertisement (campaignId, advertisementId, location, cost, interactions) values ('12', 26, 'social media', '$8524.59', 6600);
insert into advertisement (campaignId, advertisementId, location, cost, interactions) values ('21', 27, 'movie theater', '$9860.35', 1906);
insert into advertisement (campaignId, advertisementId, location, cost, interactions) values ('1', 28, 'online video platform', '$7872.19', 5330);
insert into advertisement (campaignId, advertisementId, location, cost, interactions) values ('14', 29, 'coffee shop', '$7726.53', 5947);
insert into advertisement (campaignId, advertisementId, location, cost, interactions) values ('29', 30, 'movie theater', '$893.64', 8306);
insert into advertisement (campaignId, advertisementId, location, cost, interactions) values ('19', 31, 'social media', '$9486.94', 8415);
insert into advertisement (campaignId, advertisementId, location, cost, interactions) values ('20', 32, 'sports stadium', '$9650.63', 6254);
insert into advertisement (campaignId, advertisementId, location, cost, interactions) values ('24', 33, 'taxi cab', '$7904.90', 5668);
insert into advertisement (campaignId, advertisementId, location, cost, interactions) values ('11', 34, 'coffee shop', '$5800.44', 3032);
insert into advertisement (campaignId, advertisementId, location, cost, interactions) values ('7', 35, 'street corner', '$2708.42', 3002);
insert into advertisement (campaignId, advertisementId, location, cost, interactions) values ('25', 36, 'elevator', '$9106.19', 3618);
insert into advertisement (campaignId, advertisementId, location, cost, interactions) values ('26', 37, 'subway station', '$3089.35', 3905);
insert into advertisement (campaignId, advertisementId, location, cost, interactions) values ('15', 38, 'radio commercial', '$1082.67', 3295);
insert into advertisement (campaignId, advertisementId, location, cost, interactions) values ('13', 39, 'gas station', '$542.83', 1046);
insert into advertisement (campaignId, advertisementId, location, cost, interactions) values ('22', 40, 'park bench', '$7500.29', 6551);
insert into advertisement (campaignId, advertisementId, location, cost, interactions) values ('19', 41, 'bus stop', '$9454.16', 7677);
insert into advertisement (campaignId, advertisementId, location, cost, interactions) values ('8', 42, 'coffee shop', '$5683.09', 871);
insert into advertisement (campaignId, advertisementId, location, cost, interactions) values ('31', 43, 'movie theater', '$5167.27', 5082);
insert into advertisement (campaignId, advertisementId, location, cost, interactions) values ('34', 44, 'coffee shop', '$4580.67', 2114);
insert into advertisement (campaignId, advertisementId, location, cost, interactions) values ('10', 45, 'elevator', '$5314.93', 8824);

insert into campaignManagerSiteSurvey (campaignSurveyId, discoveredWhere, addAdditionalData, isDataUseful, foundNeededInfo, isUserFriendly, createdAt, updatedAt) values (1, 'Search Engine', 'voting machine data', true, 5, 2, '2012-02-22 02:48:20', '2018-09-29 12:20:56');
insert into campaignManagerSiteSurvey (campaignSurveyId, discoveredWhere, addAdditionalData, isDataUseful, foundNeededInfo, isUserFriendly, createdAt, updatedAt) values (2, 'Video Platform', 'issue-specific voter guides', true, 6, 4, '2008-06-25 00:32:31', '2009-04-21 22:24:15');
insert into campaignManagerSiteSurvey (campaignSurveyId, discoveredWhere, addAdditionalData, isDataUseful, foundNeededInfo, isUserFriendly, createdAt, updatedAt) values (3, 'Online Forum', 'campaign event schedules', true, 7, 7, '2022-02-04 04:56:38', '2009-06-10 13:45:08');
insert into campaignManagerSiteSurvey (campaignSurveyId, discoveredWhere, addAdditionalData, isDataUseful, foundNeededInfo, isUserFriendly, createdAt, updatedAt) values (4, 'Blog', 'electoral college projections', true, 10, 2, '2014-09-20 16:36:31', '2011-10-10 23:16:35');
insert into campaignManagerSiteSurvey (campaignSurveyId, discoveredWhere, addAdditionalData, isDataUseful, foundNeededInfo, isUserFriendly, createdAt, updatedAt) values (5, 'Online Forum', 'voting machine data', true, 2, 6, '2009-02-08 12:45:54', '2016-07-19 11:59:33');
insert into campaignManagerSiteSurvey (campaignSurveyId, discoveredWhere, addAdditionalData, isDataUseful, foundNeededInfo, isUserFriendly, createdAt, updatedAt) values (6, 'Website', 'candidate fundraising totals', false, 7, 10, '2015-12-09 21:30:47', '2008-09-18 14:24:53');
insert into campaignManagerSiteSurvey (campaignSurveyId, discoveredWhere, addAdditionalData, isDataUseful, foundNeededInfo, isUserFriendly, createdAt, updatedAt) values (7, 'Article', 'voting machine data', true, 2, 9, '2021-07-07 22:38:27', '2016-02-19 10:32:33');
insert into campaignManagerSiteSurvey (campaignSurveyId, discoveredWhere, addAdditionalData, isDataUseful, foundNeededInfo, isUserFriendly, createdAt, updatedAt) values (8, 'Online Advertisement', 'Polling data by region', true, 3, 2, '2020-06-22 01:41:11', '2008-04-29 08:56:49');
insert into campaignManagerSiteSurvey (campaignSurveyId, discoveredWhere, addAdditionalData, isDataUseful, foundNeededInfo, isUserFriendly, createdAt, updatedAt) values (9, 'Newsletter', 'swing state analysis', true, 9, 10, '2024-01-23 21:49:41', '2009-09-25 03:59:47');
insert into campaignManagerSiteSurvey (campaignSurveyId, discoveredWhere, addAdditionalData, isDataUseful, foundNeededInfo, isUserFriendly, createdAt, updatedAt) values (10, 'Video Platform', 'state-by-state election laws', true, 10, 6, '2019-05-10 18:32:58', '2017-07-04 07:10:49');
insert into campaignManagerSiteSurvey (campaignSurveyId, discoveredWhere, addAdditionalData, isDataUseful, foundNeededInfo, isUserFriendly, createdAt, updatedAt) values (11, 'Word of Mouth', 'foreign election interference reports', false, 4, 7, '2009-01-03 01:45:07', '2013-11-10 01:49:09');
insert into campaignManagerSiteSurvey (campaignSurveyId, discoveredWhere, addAdditionalData, isDataUseful, foundNeededInfo, isUserFriendly, createdAt, updatedAt) values (12, 'Newsletter', 'public opinion on key issues', false, 2, 7, '2013-08-14 07:01:56', '2017-08-03 20:55:12');
insert into campaignManagerSiteSurvey (campaignSurveyId, discoveredWhere, addAdditionalData, isDataUseful, foundNeededInfo, isUserFriendly, createdAt, updatedAt) values (13, 'Blog', 'absentee ballot data', true, 7, 8, '2007-02-12 17:36:14', '2015-01-10 16:59:23');
insert into campaignManagerSiteSurvey (campaignSurveyId, discoveredWhere, addAdditionalData, isDataUseful, foundNeededInfo, isUserFriendly, createdAt, updatedAt) values (14, 'Newsletter', 'campaign staff information', false, 5, 4, '2018-06-23 02:38:54', '2015-08-06 22:28:52');
insert into campaignManagerSiteSurvey (campaignSurveyId, discoveredWhere, addAdditionalData, isDataUseful, foundNeededInfo, isUserFriendly, createdAt, updatedAt) values (15, 'Social Media', 'candidate fundraising totals', false, 5, 2, '2023-02-21 22:28:21', '2023-07-11 04:46:17');
insert into campaignManagerSiteSurvey (campaignSurveyId, discoveredWhere, addAdditionalData, isDataUseful, foundNeededInfo, isUserFriendly, createdAt, updatedAt) values (16, 'Blog', 'voter suppression reports', true, 8, 1, '2020-05-03 16:06:50', '2022-08-22 11:42:55');
insert into campaignManagerSiteSurvey (campaignSurveyId, discoveredWhere, addAdditionalData, isDataUseful, foundNeededInfo, isUserFriendly, createdAt, updatedAt) values (17, 'Newsletter', 'electoral college projections', true, 6, 6, '2013-08-22 08:19:32', '2007-09-08 13:54:28');
insert into campaignManagerSiteSurvey (campaignSurveyId, discoveredWhere, addAdditionalData, isDataUseful, foundNeededInfo, isUserFriendly, createdAt, updatedAt) values (18, 'Social Media', 'primary election results', true, 6, 2, '2021-02-21 07:10:30', '2019-10-08 14:26:50');
insert into campaignManagerSiteSurvey (campaignSurveyId, discoveredWhere, addAdditionalData, isDataUseful, foundNeededInfo, isUserFriendly, createdAt, updatedAt) values (19, 'Conference', 'candidate tax records', true, 10, 8, '2017-02-19 06:22:05', '2016-05-13 01:09:26');
insert into campaignManagerSiteSurvey (campaignSurveyId, discoveredWhere, addAdditionalData, isDataUseful, foundNeededInfo, isUserFriendly, createdAt, updatedAt) values (20, 'Social Media', 'issue-specific voter guides', true, 5, 3, '2010-05-24 10:04:56', '2016-11-25 03:18:11');
insert into campaignManagerSiteSurvey (campaignSurveyId, discoveredWhere, addAdditionalData, isDataUseful, foundNeededInfo, isUserFriendly, createdAt, updatedAt) values (21, 'Blog', 'voter registration trends', false, 9, 10, '2019-09-25 19:03:53', '2019-03-30 04:44:39');
insert into campaignManagerSiteSurvey (campaignSurveyId, discoveredWhere, addAdditionalData, isDataUseful, foundNeededInfo, isUserFriendly, createdAt, updatedAt) values (22, 'Online Forum', 'issue-specific voter guides', true, 6, 6, '2006-09-17 05:00:16', '2006-10-05 18:57:46');
insert into campaignManagerSiteSurvey (campaignSurveyId, discoveredWhere, addAdditionalData, isDataUseful, foundNeededInfo, isUserFriendly, createdAt, updatedAt) values (23, 'Blog', 'social media sentiment analysis', true, 3, 4, '2006-07-22 14:29:59', '2009-10-28 10:19:19');
insert into campaignManagerSiteSurvey (campaignSurveyId, discoveredWhere, addAdditionalData, isDataUseful, foundNeededInfo, isUserFriendly, createdAt, updatedAt) values (24, 'Video Platform', 'political ad spending data', true, 6, 6, '2013-03-04 03:03:21', '2006-09-11 00:46:48');
insert into campaignManagerSiteSurvey (campaignSurveyId, discoveredWhere, addAdditionalData, isDataUseful, foundNeededInfo, isUserFriendly, createdAt, updatedAt) values (25, 'Video Platform', 'voter ID law impacts', false, 4, 5, '2011-04-26 21:44:09', '2015-08-02 11:20:30');
insert into campaignManagerSiteSurvey (campaignSurveyId, discoveredWhere, addAdditionalData, isDataUseful, foundNeededInfo, isUserFriendly, createdAt, updatedAt) values (26, 'Newsletter', 'exit poll data', false, 6, 4, '2006-02-04 20:30:28', '2024-04-06 10:34:54');
insert into campaignManagerSiteSurvey (campaignSurveyId, discoveredWhere, addAdditionalData, isDataUseful, foundNeededInfo, isUserFriendly, createdAt, updatedAt) values (27, 'Search Engine', 'voter opinion surveys', true, 2, 10, '2007-12-09 21:18:44', '2013-08-11 04:49:14');
insert into campaignManagerSiteSurvey (campaignSurveyId, discoveredWhere, addAdditionalData, isDataUseful, foundNeededInfo, isUserFriendly, createdAt, updatedAt) values (28, 'Online Forum', 'issue-specific voter guides', false, 1, 4, '2012-09-18 23:33:17', '2010-11-12 02:00:36');
insert into campaignManagerSiteSurvey (campaignSurveyId, discoveredWhere, addAdditionalData, isDataUseful, foundNeededInfo, isUserFriendly, createdAt, updatedAt) values (29, 'Search Engine', 'swing state analysis', false, 1, 9, '2016-09-18 13:43:05', '2017-12-10 07:39:25');
insert into campaignManagerSiteSurvey (campaignSurveyId, discoveredWhere, addAdditionalData, isDataUseful, foundNeededInfo, isUserFriendly, createdAt, updatedAt) values (30, 'Newsletter', 'state-by-state election laws', true, 8, 9, '2017-12-10 11:43:53', '2006-02-22 20:51:27');
insert into campaignManagerSiteSurvey (campaignSurveyId, discoveredWhere, addAdditionalData, isDataUseful, foundNeededInfo, isUserFriendly, createdAt, updatedAt) values (31, 'Video Platform', 'early voting statistics', false, 2, 5, '2014-08-19 23:51:03', '2015-08-24 21:08:09');
insert into campaignManagerSiteSurvey (campaignSurveyId, discoveredWhere, addAdditionalData, isDataUseful, foundNeededInfo, isUserFriendly, createdAt, updatedAt) values (32, 'Article', 'voter opinion surveys', true, 1, 6, '2020-03-22 01:34:02', '2017-08-12 20:32:01');
insert into campaignManagerSiteSurvey (campaignSurveyId, discoveredWhere, addAdditionalData, isDataUseful, foundNeededInfo, isUserFriendly, createdAt, updatedAt) values (33, 'Social Media', 'foreign election interference reports', false, 8, 1, '2017-02-14 13:39:40', '2007-09-15 01:09:00');
insert into campaignManagerSiteSurvey (campaignSurveyId, discoveredWhere, addAdditionalData, isDataUseful, foundNeededInfo, isUserFriendly, createdAt, updatedAt) values (34, 'Newsletter', 'voting machine data', true, 5, 4, '2015-03-18 15:38:27', '2016-07-25 12:33:31');
insert into campaignManagerSiteSurvey (campaignSurveyId, discoveredWhere, addAdditionalData, isDataUseful, foundNeededInfo, isUserFriendly, createdAt, updatedAt) values (35, 'Website', 'campaign ad fact-checks', true, 5, 7, '2006-12-20 14:58:47', '2017-05-19 05:23:37');

insert into campaignFeaturesAccessed (surveyId, featureAccessed) values ('23', 'debate live streams');
insert into campaignFeaturesAccessed (surveyId, featureAccessed) values ('28', 'campaign finance tracker');
insert into campaignFeaturesAccessed (surveyId, featureAccessed) values ('9', 'election news feed');
insert into campaignFeaturesAccessed (surveyId, featureAccessed) values ('12', 'election news feed');
insert into campaignFeaturesAccessed (surveyId, featureAccessed) values ('16', 'debate live streams');
insert into campaignFeaturesAccessed (surveyId, featureAccessed) values ('15', 'voter registration portal');
insert into campaignFeaturesAccessed (surveyId, featureAccessed) values ('7', 'election news feed');
insert into campaignFeaturesAccessed (surveyId, featureAccessed) values ('2', 'real-time results dashboard');
insert into campaignFeaturesAccessed (surveyId, featureAccessed) values ('13', 'issue-specific voting guides');
insert into campaignFeaturesAccessed (surveyId, featureAccessed) values ('31', 'polling trend graphs');
insert into campaignFeaturesAccessed (surveyId, featureAccessed) values ('20', 'debate live streams');
insert into campaignFeaturesAccessed (surveyId, featureAccessed) values ('10', 'real-time results dashboard');
insert into campaignFeaturesAccessed (surveyId, featureAccessed) values ('19', 'issue-specific voting guides');
insert into campaignFeaturesAccessed (surveyId, featureAccessed) values ('33', 'Interactive election map');
insert into campaignFeaturesAccessed (surveyId, featureAccessed) values ('32', 'polling trend graphs');
insert into campaignFeaturesAccessed (surveyId, featureAccessed) values ('1', 'election news feed');
insert into campaignFeaturesAccessed (surveyId, featureAccessed) values ('24', 'polling trend graphs');
insert into campaignFeaturesAccessed (surveyId, featureAccessed) values ('17', 'social media sentiment analysis');
insert into campaignFeaturesAccessed (surveyId, featureAccessed) values ('18', 'election news feed');
insert into campaignFeaturesAccessed (surveyId, featureAccessed) values ('25', 'real-time results dashboard');
insert into campaignFeaturesAccessed (surveyId, featureAccessed) values ('35', 'debate live streams');
insert into campaignFeaturesAccessed (surveyId, featureAccessed) values ('22', 'issue-specific voting guides');
insert into campaignFeaturesAccessed (surveyId, featureAccessed) values ('26', 'polling trend graphs');
insert into campaignFeaturesAccessed (surveyId, featureAccessed) values ('6', 'debate live streams');
insert into campaignFeaturesAccessed (surveyId, featureAccessed) values ('27', 'candidate comparison tool');
insert into campaignFeaturesAccessed (surveyId, featureAccessed) values ('5', 'real-time results dashboard');
insert into campaignFeaturesAccessed (surveyId, featureAccessed) values ('30', 'issue-specific voting guides');
insert into campaignFeaturesAccessed (surveyId, featureAccessed) values ('4', 'social media sentiment analysis');
insert into campaignFeaturesAccessed (surveyId, featureAccessed) values ('11', 'debate live streams');
insert into campaignFeaturesAccessed (surveyId, featureAccessed) values ('8', 'issue-specific voting guides');
insert into campaignFeaturesAccessed (surveyId, featureAccessed) values ('29', 'candidate comparison tool');
insert into campaignFeaturesAccessed (surveyId, featureAccessed) values ('34', 'Interactive election map');
insert into campaignFeaturesAccessed (surveyId, featureAccessed) values ('21', 'voter registration portal');
insert into campaignFeaturesAccessed (surveyId, featureAccessed) values ('3', 'real-time results dashboard');
insert into campaignFeaturesAccessed (surveyId, featureAccessed) values ('14', 'candidate comparison tool');
insert into campaignFeaturesAccessed (surveyId, featureAccessed) values ('27', 'election news feed');
insert into campaignFeaturesAccessed (surveyId, featureAccessed) values ('13', 'polling trend graphs');
insert into campaignFeaturesAccessed (surveyId, featureAccessed) values ('29', 'real-time results dashboard');
insert into campaignFeaturesAccessed (surveyId, featureAccessed) values ('19', 'social media sentiment analysis');
insert into campaignFeaturesAccessed (surveyId, featureAccessed) values ('21', 'Interactive election map');
insert into campaignFeaturesAccessed (surveyId, featureAccessed) values ('32', 'debate live streams');
insert into campaignFeaturesAccessed (surveyId, featureAccessed) values ('22', 'voter registration portal');
insert into campaignFeaturesAccessed (surveyId, featureAccessed) values ('8', 'issue-specific voting guides');
insert into campaignFeaturesAccessed (surveyId, featureAccessed) values ('3', 'election news feed');
insert into campaignFeaturesAccessed (surveyId, featureAccessed) values ('23', 'issue-specific voting guides');
insert into campaignFeaturesAccessed (surveyId, featureAccessed) values ('28', 'real-time results dashboard');
insert into campaignFeaturesAccessed (surveyId, featureAccessed) values ('4', 'debate live streams');
insert into campaignFeaturesAccessed (surveyId, featureAccessed) values ('30', 'voter registration portal');
insert into campaignFeaturesAccessed (surveyId, featureAccessed) values ('10', 'debate live streams');
insert into campaignFeaturesAccessed (surveyId, featureAccessed) values ('7', 'polling trend graphs');
insert into campaignFeaturesAccessed (surveyId, featureAccessed) values ('11', 'debate live streams');
insert into campaignFeaturesAccessed (surveyId, featureAccessed) values ('2', 'voter registration portal');
insert into campaignFeaturesAccessed (surveyId, featureAccessed) values ('14', 'debate live streams');
insert into campaignFeaturesAccessed (surveyId, featureAccessed) values ('35', 'candidate comparison tool');
insert into campaignFeaturesAccessed (surveyId, featureAccessed) values ('20', 'campaign finance tracker');
insert into campaignFeaturesAccessed (surveyId, featureAccessed) values ('5', 'Interactive election map');
insert into campaignFeaturesAccessed (surveyId, featureAccessed) values ('18', 'voter registration portal');
insert into campaignFeaturesAccessed (surveyId, featureAccessed) values ('25', 'candidate comparison tool');
insert into campaignFeaturesAccessed (surveyId, featureAccessed) values ('24', 'campaign finance tracker');
insert into campaignFeaturesAccessed (surveyId, featureAccessed) values ('34', 'real-time results dashboard');
insert into campaignFeaturesAccessed (surveyId, featureAccessed) values ('33', 'campaign finance tracker');
insert into campaignFeaturesAccessed (surveyId, featureAccessed) values ('26', 'election news feed');
insert into campaignFeaturesAccessed (surveyId, featureAccessed) values ('16', 'election news feed');
insert into campaignFeaturesAccessed (surveyId, featureAccessed) values ('17', 'issue-specific voting guides');
insert into campaignFeaturesAccessed (surveyId, featureAccessed) values ('31', 'election news feed');
insert into campaignFeaturesAccessed (surveyId, featureAccessed) values ('9', 'Interactive election map');
insert into campaignFeaturesAccessed (surveyId, featureAccessed) values ('12', 'campaign finance tracker');
insert into campaignFeaturesAccessed (surveyId, featureAccessed) values ('1', 'real-time results dashboard');
insert into campaignFeaturesAccessed (surveyId, featureAccessed) values ('15', 'social media sentiment analysis');
insert into campaignFeaturesAccessed (surveyId, featureAccessed) values ('6', 'voter registration portal');
insert into campaignFeaturesAccessed (surveyId, featureAccessed) values ('3', 'polling trend graphs');
insert into campaignFeaturesAccessed (surveyId, featureAccessed) values ('25', 'issue-specific voting guides');
insert into campaignFeaturesAccessed (surveyId, featureAccessed) values ('29', 'social media sentiment analysis');
insert into campaignFeaturesAccessed (surveyId, featureAccessed) values ('26', 'real-time results dashboard');
insert into campaignFeaturesAccessed (surveyId, featureAccessed) values ('20', 'voter registration portal');
insert into campaignFeaturesAccessed (surveyId, featureAccessed) values ('22', 'Interactive election map');
insert into campaignFeaturesAccessed (surveyId, featureAccessed) values ('12', 'real-time results dashboard');
insert into campaignFeaturesAccessed (surveyId, featureAccessed) values ('35', 'voter registration portal');
insert into campaignFeaturesAccessed (surveyId, featureAccessed) values ('5', 'polling trend graphs');
insert into campaignFeaturesAccessed (surveyId, featureAccessed) values ('30', 'issue-specific voting guides');
insert into campaignFeaturesAccessed (surveyId, featureAccessed) values ('31', 'real-time results dashboard');
insert into campaignFeaturesAccessed (surveyId, featureAccessed) values ('6', 'debate live streams');
insert into campaignFeaturesAccessed (surveyId, featureAccessed) values ('27', 'candidate comparison tool');
insert into campaignFeaturesAccessed (surveyId, featureAccessed) values ('33', 'debate live streams');
insert into campaignFeaturesAccessed (surveyId, featureAccessed) values ('24', 'campaign finance tracker');
insert into campaignFeaturesAccessed (surveyId, featureAccessed) values ('11', 'real-time results dashboard');
insert into campaignFeaturesAccessed (surveyId, featureAccessed) values ('10', 'real-time results dashboard');
insert into campaignFeaturesAccessed (surveyId, featureAccessed) values ('13', 'social media sentiment analysis');
insert into campaignFeaturesAccessed (surveyId, featureAccessed) values ('28', 'Interactive election map');
insert into campaignFeaturesAccessed (surveyId, featureAccessed) values ('1', 'issue-specific voting guides');
insert into campaignFeaturesAccessed (surveyId, featureAccessed) values ('8', 'social media sentiment analysis');
insert into campaignFeaturesAccessed (surveyId, featureAccessed) values ('15', 'campaign finance tracker');
insert into campaignFeaturesAccessed (surveyId, featureAccessed) values ('4', 'real-time results dashboard');
insert into campaignFeaturesAccessed (surveyId, featureAccessed) values ('23', 'social media sentiment analysis');
insert into campaignFeaturesAccessed (surveyId, featureAccessed) values ('32', 'issue-specific voting guides');
insert into campaignFeaturesAccessed (surveyId, featureAccessed) values ('19', 'voter registration portal');
insert into campaignFeaturesAccessed (surveyId, featureAccessed) values ('17', 'debate live streams');
insert into campaignFeaturesAccessed (surveyId, featureAccessed) values ('14', 'candidate comparison tool');
insert into campaignFeaturesAccessed (surveyId, featureAccessed) values ('7', 'Interactive election map');
insert into campaignFeaturesAccessed (surveyId, featureAccessed) values ('34', 'candidate comparison tool');
